customer_id,name,age,gender,city,signup_date
1,Aarav Sharma,24,M,Mumbai,2023-01-10
2,Riya Patel,29,F,Ahmedabad,2023-01-15
3,Aditya Verma,35,M,Delhi,2023-02-01
4,Neha Singh,27,F,Pune,2023-02-10
5,Rohan Mehta,31,M,Bangalore,2023-02-15
6,Kavya Iyer,26,F,Chennai,2023-03-01
7,Arjun Nair,34,M,Kochi,2023-03-10
8,Simran Kaur,28,F,Chandigarh,2023-03-15
9,Amit Kulkarni,41,M,Nagpur,2023-03-20
10,Priya Joshi,23,F,Indore,2023-04-01
11,Harsh Malhotra,33,M,Delhi,2023-04-05
12,Pooja Deshmukh,25,F,Nashik,2023-04-10
13,Sanket Patil,29,M,Kolhapur,2023-04-12
14,Anjali Kulkarni,34,F,Pune,2023-04-15
15,Kunal Shah,38,M,Mumbai,2023-04-18
16,Shruti Joshi,22,F,Indore,2023-04-20
17,Mayank Agarwal,40,M,Jaipur,2023-04-22
18,Divya Mishra,27,F,Bhopal,2023-04-25
19,Rahul Khanna,35,M,Delhi,2023-04-27
20,Aishwarya Nair,30,F,Trivandrum,2023-05-01
21,Pratik Desai,28,M,Surat,2023-05-03
22,Nidhi Arora,26,F,Gurgaon,2023-05-05
23,Manish Yadav,37,M,Gurgaon,2023-05-07
24,Ritu Chawla,32,F,Faridabad,2023-05-09
25,Abhinav Tiwari,34,M,Kanpur,2023-05-11
26,Sonal Jain,29,F,Ajmer,2023-05-13
27,Deepak Soni,41,M,Udaipur,2023-05-15
28,Pallavi Kulkarni,27,F,Satara,2023-05-17
29,Ritesh Pawar,36,M,Sangli,2023-05-19
30,Monika Bansal,31,F,Hisar,2023-05-21
31,Aman Kapoor,25,M,Delhi,2023-05-23
32,Megha Sharma,28,F,Noida,2023-05-25
33,Ankit Verma,34,M,Lucknow,2023-05-27
34,Shivani Dubey,23,F,Varanasi,2023-05-29
35,Vikram Rathod,39,M,Rajkot,2023-05-31
36,Nikita Kulkarni,26,F,Solapur,2023-06-02
37,Yash Chavan,33,M,Thane,2023-06-04
38,Riya Ghosh,29,F,Kolkata,2023-06-06
39,Siddharth Jain,42,M,Jaipur,2023-06-08
40,Preeti Arora,35,F,Ambala,2023-06-10
41,Saurabh Mishra,31,M,Gwalior,2023-06-12
42,Anushka Desai,24,F,Kolhapur,2023-06-14
43,Raj Malhotra,38,M,Delhi,2023-06-16
44,Isha Mehta,27,F,Mumbai,2023-06-18
45,Naveen Rao,34,M,Mysore,2023-06-20
46,Priyal Shah,29,F,Vadodara,2023-06-22
47,Akash Jadhav,36,M,Panvel,2023-06-24
48,Sheetal Patil,32,F,Alibaug,2023-06-26
49,Parth Doshi,28,M,Bhavnagar,2023-06-28
50,Shreya Kulkarni,25,F,Aurangabad,2023-06-30
51,Ankit Verma,35,M,Jaipur,2023-05-03
52,Nidhi Arora,26,M,Ambala,2023-05-25
53,Pratik Desai,41,F,Mysore,2023-05-31
54,Kavya Iyer,26,F,Kanpur,2023-04-18
55,Kavya Iyer,41,F,Bhavnagar,2023-02-15
56,Sheetal Patil,34,M,Surat,2023-06-22
57,Neha Singh,41,F,Ahmedabad,2023-06-30
58,Monika Bansal,32,F,Gurgaon,2023-06-26
59,Harsh Malhotra,25,F,Mysore,2023-03-01
60,Monika Bansal,28,F,Surat,2023-05-11
61,Aman Kapoor,28,F,Bhavnagar,2023-06-22
62,Ritu Chawla,32,M,Ahmedabad,2023-06-10
63,Amit Kulkarni,39,M,Ahmedabad,2023-05-19
64,Aditya Verma,40,M,Lucknow,2023-03-10
65,Aman Kapoor,34,F,Jaipur,2023-06-10
66,Preeti Arora,33,F,Kolkata,2023-04-12
67,Yash Chavan,39,F,Mysore,2023-06-06
68,Nikita Kulkarni,30,M,Aurangabad,2023-04-25
69,Ritu Chawla,27,F,Delhi,2023-01-15
70,Aman Kapoor,26,F,Chandigarh,2023-03-15
71,Kavya Iyer,35,F,Sangli,2023-04-05
72,Riya Patel,41,M,Bhopal,2023-05-27
73,Aishwarya Nair,23,F,Varanasi,2023-06-06
74,Pallavi Kulkarni,22,M,Solapur,2023-06-26
75,Harsh Malhotra,33,F,Aurangabad,2023-05-15
76,Neha Singh,32,M,Aurangabad,2023-05-01
77,Kunal Shah,25,M,Mumbai,2023-04-10
78,Kavya Iyer,25,M,Gurgaon,2023-06-16
79,Parth Doshi,38,F,Thane,2023-05-23
80,Monika Bansal,38,F,Jaipur,2023-05-15
81,Riya Ghosh,36,M,Udaipur,2023-05-25
82,Riya Patel,36,M,Kanpur,2023-04-01
83,Kunal Shah,22,F,Kanpur,2023-02-01
84,Harsh Malhotra,27,F,Noida,2023-06-20
85,Simran Kaur,38,M,Satara,2023-05-15
86,Sonal Jain,28,F,Kolkata,2023-05-31
87,Naveen Rao,42,F,Gurgaon,2023-05-23
88,Isha Mehta,36,F,Sangli,2023-04-18
89,Rohan Mehta,25,F,Ambala,2023-04-20
90,Kavya Iyer,32,M,Indore,2023-04-12
91,Sonal Jain,26,F,Indore,2023-06-28
92,Neha Singh,32,F,Panvel,2023-05-31
93,Rahul Khanna,36,M,Chandigarh,2023-04-05
94,Aishwarya Nair,31,M,Ajmer,2023-05-03
95,Ankit Verma,41,F,Ambala,2023-04-05
96,Aishwarya Nair,35,F,Bhopal,2023-05-21
97,Parth Doshi,23,F,Rajkot,2023-06-26
98,Pooja Deshmukh,36,F,Hisar,2023-05-31
99,Akash Jadhav,35,M,Trivandrum,2023-05-05
100,Aarav Sharma,40,M,Satara,2023-06-06
101,Sonal Jain,24,M,Thane,2023-05-23
102,Anjali Kulkarni,34,F,Pune,2023-04-15
103,Riya Ghosh,25,F,Jaipur,2023-05-09
104,Yash Chavan,37,F,Sangli,2023-06-30
105,Harsh Malhotra,42,F,Chandigarh,2023-06-28
106,Nikita Kulkarni,39,M,Faridabad,2023-05-25
107,Sanket Patil,31,M,Kolhapur,2023-06-02
108,Raj Malhotra,27,F,Kolkata,2023-05-25
109,Aditya Verma,25,M,Bhopal,2023-04-18
110,Ankit Verma,39,F,Mysore,2023-06-16
111,Kavya Iyer,32,F,Faridabad,2023-05-31
112,Shreya Kulkarni,37,M,Mysore,2023-02-01
113,Priya Joshi,36,F,Nashik,2023-04-20
114,Rohan Mehta,41,F,Kolhapur,2023-02-15
115,Manish Yadav,27,M,Trivandrum,2023-05-03
116,Priya Joshi,42,F,Kolkata,2023-04-01
117,Isha Mehta,29,F,Solapur,2023-04-27
118,Riya Patel,27,M,Lucknow,2023-05-11
119,Sanket Patil,29,F,Faridabad,2023-02-10
120,Preeti Arora,40,M,Ambala,2023-05-19
121,Riya Patel,29,F,Satara,2023-04-27
122,Aishwarya Nair,27,M,Bhavnagar,2023-06-16
123,Aarav Sharma,26,M,Gurgaon,2023-01-15
124,Yash Chavan,34,M,Sangli,2023-04-01
125,Amit Kulkarni,23,F,Hisar,2023-06-16
126,Mayank Agarwal,36,M,Chandigarh,2023-05-11
127,Amit Kulkarni,36,M,Chennai,2023-05-01
128,Harsh Malhotra,25,M,Bangalore,2023-06-26
129,Kunal Shah,35,M,Solapur,2023-04-27
130,Ritu Chawla,38,M,Rajkot,2023-05-07
131,Riya Ghosh,32,F,Nashik,2023-05-09
132,Vikram Rathod,28,F,Mumbai,2023-04-05
133,Monika Bansal,42,F,Kanpur,2023-06-22
134,Aman Kapoor,40,F,Nagpur,2023-05-29
135,Parth Doshi,24,F,Varanasi,2023-05-17
136,Rohan Mehta,35,F,Mysore,2023-02-15
137,Isha Mehta,28,F,Pune,2023-02-15
138,Shreya Kulkarni,27,M,Panvel,2023-05-03
139,Anjali Kulkarni,30,F,Faridabad,2023-04-10
140,Harsh Malhotra,23,M,Trivandrum,2023-06-30
141,Amit Kulkarni,25,M,Jaipur,2023-02-10
142,Shivani Dubey,22,F,Kanpur,2023-06-28
143,Pooja Deshmukh,22,M,Chennai,2023-06-14
144,Vikram Rathod,29,M,Kolhapur,2023-05-01
145,Vikram Rathod,31,M,Alibaug,2023-06-06
146,Aarav Sharma,31,M,Gurgaon,2023-05-11
147,Preeti Arora,26,F,Sangli,2023-04-15
148,Nidhi Arora,38,F,Lucknow,2023-04-05
149,Ritesh Pawar,41,F,Solapur,2023-05-25
150,Simran Kaur,40,F,Gwalior,2023-04-05
151,Harsh Malhotra,22,F,Varanasi,2023-04-25
152,Saurabh Mishra,34,F,Noida,2023-05-15
153,Yash Chavan,39,F,Indore,2023-04-25
154,Anjali Kulkarni,29,F,Sangli,2023-05-07
155,Monika Bansal,34,F,Udaipur,2023-04-05
156,Vikram Rathod,26,F,Udaipur,2023-05-03
157,Pratik Desai,37,M,Jaipur,2023-06-18
158,Yash Chavan,29,F,Alibaug,2023-02-15
159,Rohan Mehta,35,M,Gwalior,2023-05-07
160,Rahul Khanna,31,M,Hisar,2023-06-12
161,Anjali Kulkarni,31,M,Nashik,2023-05-11
162,Sonal Jain,24,M,Gurgaon,2023-06-12
163,Neha Singh,28,F,Pune,2023-04-01
164,Abhinav Tiwari,25,M,Noida,2023-05-05
165,Naveen Rao,27,F,Thane,2023-04-27
166,Anushka Desai,38,F,Nagpur,2023-01-10
167,Abhinav Tiwari,40,M,Udaipur,2023-03-10
168,Divya Mishra,33,F,Ajmer,2023-02-10
169,Preeti Arora,23,M,Kanpur,2023-01-10
170,Simran Kaur,35,M,Kanpur,2023-04-18
171,Siddharth Jain,22,F,Kolhapur,2023-06-10
172,Preeti Arora,30,F,Alibaug,2023-04-10
173,Anjali Kulkarni,23,M,Gurgaon,2023-05-05
174,Megha Sharma,23,F,Alibaug,2023-05-05
175,Riya Ghosh,25,F,Aurangabad,2023-06-30
176,Ankit Verma,41,F,Rajkot,2023-06-24
177,Manish Yadav,24,M,Vadodara,2023-04-22
178,Kunal Shah,31,M,Faridabad,2023-05-19
179,Ankit Verma,39,F,Bhopal,2023-06-22
180,Abhinav Tiwari,28,F,Vadodara,2023-04-15
181,Mayank Agarwal,33,F,Kochi,2023-06-30
182,Ankit Verma,25,F,Jaipur,2023-05-01
183,Akash Jadhav,24,F,Faridabad,2023-06-30
184,Riya Patel,39,M,Alibaug,2023-06-26
185,Anjali Kulkarni,33,F,Jaipur,2023-05-27
186,Preeti Arora,31,M,Panvel,2023-06-16
187,Preeti Arora,40,F,Kolkata,2023-04-18
188,Siddharth Jain,31,M,Ahmedabad,2023-04-10
189,Kavya Iyer,25,F,Surat,2023-06-10
190,Kavya Iyer,31,M,Nagpur,2023-05-01
191,Aditya Verma,37,F,Nagpur,2023-05-21
192,Arjun Nair,37,M,Bhavnagar,2023-06-06
193,Simran Kaur,25,M,Nashik,2023-02-01
194,Anushka Desai,40,M,Satara,2023-05-17
195,Kunal Shah,40,M,Gwalior,2023-05-13
196,Akash Jadhav,26,M,Panvel,2023-05-21
197,Ritesh Pawar,25,M,Sangli,2023-04-12
198,Ankit Verma,39,F,Mysore,2023-04-12
199,Monika Bansal,32,M,Nagpur,2023-01-15
200,Siddharth Jain,22,F,Hisar,2023-06-04
201,Deepak Soni,29,F,Chandigarh,2023-06-28
202,Nikita Kulkarni,41,F,Kochi,2023-06-06
203,Ritesh Pawar,31,F,Panvel,2023-01-15
204,Riya Ghosh,39,F,Faridabad,2023-06-02
205,Ankit Verma,24,M,Delhi,2023-05-13
206,Yash Chavan,35,M,Rajkot,2023-04-05
207,Deepak Soni,26,M,Chennai,2023-03-15
208,Ankit Verma,31,F,Udaipur,2023-06-18
209,Neha Singh,42,M,Rajkot,2023-06-10
210,Nidhi Arora,31,M,Mumbai,2023-06-16
211,Riya Patel,24,M,Panvel,2023-05-05
212,Priya Joshi,37,M,Udaipur,2023-05-01
213,Rohan Mehta,36,M,Vadodara,2023-03-15
214,Priya Joshi,22,F,Jaipur,2023-05-19
215,Ankit Verma,25,M,Indore,2023-06-10
216,Riya Ghosh,23,F,Indore,2023-05-13
217,Sanket Patil,39,F,Jaipur,2023-05-21
218,Aman Kapoor,42,F,Alibaug,2023-04-22
219,Akash Jadhav,32,F,Bhavnagar,2023-05-01
220,Nikita Kulkarni,33,F,Hisar,2023-04-20
221,Naveen Rao,29,M,Ahmedabad,2023-06-22
222,Ritu Chawla,32,M,Satara,2023-06-16
223,Kunal Shah,34,M,Gurgaon,2023-03-10
224,Ritesh Pawar,40,F,Panvel,2023-04-20
225,Simran Kaur,33,M,Bhopal,2023-06-20
226,Rohan Mehta,32,M,Indore,2023-06-24
227,Ritesh Pawar,25,F,Vadodara,2023-06-26
228,Akash Jadhav,26,F,Noida,2023-05-15
229,Neha Singh,39,F,Delhi,2023-05-07
230,Pooja Deshmukh,38,F,Bhavnagar,2023-05-09
231,Naveen Rao,39,M,Gurgaon,2023-03-20
232,Riya Patel,30,F,Kolhapur,2023-05-31
233,Deepak Soni,32,F,Hisar,2023-05-01
234,Aman Kapoor,23,M,Solapur,2023-06-04
235,Nikita Kulkarni,28,M,Noida,2023-06-14
236,Nikita Kulkarni,32,F,Panvel,2023-04-22
237,Sonal Jain,42,M,Lucknow,2023-06-24
238,Raj Malhotra,24,F,Bhavnagar,2023-05-23
239,Deepak Soni,28,F,Mumbai,2023-03-15
240,Rohan Mehta,26,M,Ajmer,2023-04-18
241,Aishwarya Nair,31,M,Rajkot,2023-05-23
242,Harsh Malhotra,40,F,Surat,2023-05-21
243,Priya Joshi,40,F,Gurgaon,2023-06-22
244,Preeti Arora,29,F,Rajkot,2023-05-01
245,Riya Ghosh,24,M,Kolhapur,2023-06-08
246,Kavya Iyer,33,F,Varanasi,2023-04-10
247,Simran Kaur,23,F,Thane,2023-06-28
248,Manish Yadav,32,F,Mysore,2023-04-22
249,Akash Jadhav,32,F,Alibaug,2023-06-14
250,Sonal Jain,37,F,Chennai,2023-05-21
251,Priyal Shah,28,M,Kochi,2023-05-19
252,Raj Malhotra,40,F,Ambala,2023-04-27
253,Pooja Deshmukh,28,F,Ambala,2023-06-22
254,Sonal Jain,37,F,Noida,2023-04-05
255,Sanket Patil,25,F,Gwalior,2023-05-29
256,Preeti Arora,28,M,Kochi,2023-06-30
257,Divya Mishra,22,M,Kolhapur,2023-03-10
258,Abhinav Tiwari,27,M,Surat,2023-06-18
259,Ankit Verma,24,F,Surat,2023-05-29
260,Akash Jadhav,24,F,Panvel,2023-05-01
261,Preeti Arora,36,M,Jaipur,2023-06-30
262,Raj Malhotra,30,M,Kochi,2023-06-06
263,Pooja Deshmukh,22,M,Panvel,2023-05-09
264,Isha Mehta,42,F,Nagpur,2023-04-01
265,Nikita Kulkarni,30,F,Ambala,2023-05-25
266,Sheetal Patil,31,M,Nashik,2023-04-18
267,Neha Singh,41,M,Chandigarh,2023-06-04
268,Rohan Mehta,29,M,Gwalior,2023-05-01
269,Yash Chavan,32,F,Sangli,2023-02-01
270,Simran Kaur,26,F,Noida,2023-06-04
271,Anushka Desai,41,F,Chandigarh,2023-06-10
272,Parth Doshi,24,M,Satara,2023-03-15
273,Pallavi Kulkarni,41,M,Pune,2023-06-10
274,Aman Kapoor,30,F,Delhi,2023-06-18
275,Amit Kulkarni,38,M,Solapur,2023-05-07
276,Ritesh Pawar,41,F,Solapur,2023-06-10
277,Anjali Kulkarni,42,M,Mysore,2023-04-05
278,Preeti Arora,38,M,Mysore,2023-06-22
279,Saurabh Mishra,41,M,Rajkot,2023-03-15
280,Nidhi Arora,33,M,Jaipur,2023-05-19
281,Harsh Malhotra,27,F,Trivandrum,2023-05-21
282,Manish Yadav,29,M,Sangli,2023-04-01
283,Aarav Sharma,26,F,Lucknow,2023-06-08
284,Priyal Shah,22,F,Pune,2023-05-17
285,Yash Chavan,27,F,Lucknow,2023-06-28
286,Pratik Desai,26,M,Nagpur,2023-06-02
287,Sonal Jain,36,F,Bangalore,2023-04-12
288,Priyal Shah,26,F,Ambala,2023-05-25
289,Nikita Kulkarni,29,F,Ajmer,2023-06-02
290,Manish Yadav,32,M,Nashik,2023-06-04
291,Aarav Sharma,38,M,Trivandrum,2023-05-13
292,Preeti Arora,41,F,Ambala,2023-05-05
293,Kunal Shah,36,M,Rajkot,2023-02-10
294,Pratik Desai,38,F,Satara,2023-05-23
295,Akash Jadhav,33,F,Gurgaon,2023-04-25
296,Amit Kulkarni,24,M,Lucknow,2023-06-06
297,Amit Kulkarni,34,F,Kochi,2023-05-09
298,Priya Joshi,42,M,Lucknow,2023-05-07
299,Sonal Jain,40,M,Noida,2023-05-05
300,Saurabh Mishra,24,F,Indore,2023-01-15
301,Vikram Rathod,25,M,Kanpur,2023-05-23
302,Abhinav Tiwari,34,M,Nashik,2023-04-05
303,Sonal Jain,40,F,Jaipur,2023-05-17
304,Harsh Malhotra,42,F,Chandigarh,2023-06-22
305,Riya Ghosh,36,M,Pune,2023-05-25
306,Riya Patel,24,M,Kolkata,2023-02-15
307,Arjun Nair,37,F,Rajkot,2023-06-06
308,Divya Mishra,37,M,Nashik,2023-04-01
309,Deepak Soni,35,M,Mumbai,2023-06-10
310,Shivani Dubey,25,M,Bhavnagar,2023-06-22
311,Deepak Soni,26,M,Hisar,2023-05-09
312,Mayank Agarwal,33,M,Kolkata,2023-05-31
313,Raj Malhotra,35,M,Lucknow,2023-06-18
314,Isha Mehta,28,M,Bangalore,2023-06-26
315,Ritu Chawla,22,F,Ajmer,2023-05-07
316,Abhinav Tiwari,22,F,Nashik,2023-04-22
317,Arjun Nair,23,F,Gwalior,2023-01-10
318,Kavya Iyer,29,F,Bhavnagar,2023-05-23
319,Ritu Chawla,22,F,Varanasi,2023-05-23
320,Ankit Verma,41,M,Mysore,2023-06-14
321,Parth Doshi,35,M,Trivandrum,2023-06-14
322,Ritesh Pawar,42,M,Ambala,2023-05-29
323,Raj Malhotra,28,M,Udaipur,2023-03-20
324,Nidhi Arora,30,F,Bangalore,2023-05-05
325,Sonal Jain,29,M,Chennai,2023-04-12
326,Pallavi Kulkarni,26,M,Bhavnagar,2023-05-11
327,Shreya Kulkarni,42,F,Satara,2023-06-26
328,Pratik Desai,25,M,Faridabad,2023-04-25
329,Parth Doshi,31,M,Bhopal,2023-04-10
330,Arjun Nair,29,F,Indore,2023-06-10
331,Mayank Agarwal,30,M,Jaipur,2023-04-22
332,Aishwarya Nair,31,M,Kolkata,2023-04-18
333,Saurabh Mishra,40,M,Thane,2023-06-14
334,Parth Doshi,25,M,Delhi,2023-04-18
335,Aishwarya Nair,27,M,Thane,2023-04-18
336,Nidhi Arora,40,F,Chennai,2023-06-08
337,Pallavi Kulkarni,33,F,Solapur,2023-04-12
338,Preeti Arora,30,F,Chandigarh,2023-04-22
339,Parth Doshi,26,F,Gwalior,2023-05-25
340,Arjun Nair,22,F,Gurgaon,2023-03-20
341,Aarav Sharma,32,F,Nashik,2023-06-10
342,Megha Sharma,25,M,Jaipur,2023-05-01
343,Sanket Patil,33,F,Nashik,2023-05-13
344,Monika Bansal,38,F,Kolkata,2023-05-15
345,Manish Yadav,42,M,Rajkot,2023-05-03
346,Rahul Khanna,33,M,Chennai,2023-04-25
347,Megha Sharma,30,F,Surat,2023-04-12
348,Monika Bansal,40,M,Pune,2023-04-20
349,Ritesh Pawar,42,F,Vadodara,2023-03-20
350,Parth Doshi,40,M,Lucknow,2023-04-10
351,Naveen Rao,27,F,Kolhapur,2023-06-18
352,Ritesh Pawar,33,M,Nashik,2023-06-06
353,Monika Bansal,36,M,Alibaug,2023-04-27
354,Shruti Joshi,40,F,Noida,2023-03-10
355,Preeti Arora,27,F,Faridabad,2023-05-31
356,Rahul Khanna,42,F,Kanpur,2023-06-26
357,Divya Mishra,38,F,Sangli,2023-04-25
358,Aarav Sharma,36,F,Bhavnagar,2023-04-20
359,Anjali Kulkarni,29,M,Faridabad,2023-06-08
360,Akash Jadhav,22,F,Lucknow,2023-02-10
361,Shreya Kulkarni,27,F,Chennai,2023-05-11
362,Riya Patel,30,M,Pune,2023-05-25
363,Pallavi Kulkarni,42,M,Solapur,2023-06-10
364,Parth Doshi,39,F,Mysore,2023-04-12
365,Shreya Kulkarni,22,M,Gurgaon,2023-06-20
366,Monika Bansal,40,M,Surat,2023-04-22
367,Riya Ghosh,35,F,Ahmedabad,2023-06-28
368,Neha Singh,28,M,Mysore,2023-06-04
369,Aarav Sharma,30,M,Chandigarh,2023-03-01
370,Simran Kaur,23,F,Jaipur,2023-04-27
371,Ritesh Pawar,27,F,Chandigarh,2023-04-12
372,Siddharth Jain,32,M,Thane,2023-05-13
373,Aditya Verma,29,M,Ambala,2023-04-15
374,Megha Sharma,37,F,Panvel,2023-05-23
375,Priya Joshi,38,M,Thane,2023-02-10
376,Priya Joshi,27,M,Mumbai,2023-06-08
377,Rahul Khanna,33,M,Aurangabad,2023-03-15
378,Priyal Shah,34,F,Gurgaon,2023-05-11
379,Shivani Dubey,25,M,Ajmer,2023-04-12
380,Ankit Verma,23,M,Hisar,2023-05-25
381,Manish Yadav,34,F,Satara,2023-06-06
382,Pallavi Kulkarni,38,M,Solapur,2023-06-06
383,Megha Sharma,34,M,Satara,2023-05-17
384,Shreya Kulkarni,37,F,Nagpur,2023-05-21
385,Arjun Nair,23,F,Alibaug,2023-02-01
386,Ritesh Pawar,23,F,Indore,2023-05-17
387,Simran Kaur,27,F,Panvel,2023-02-01
388,Aarav Sharma,39,M,Alibaug,2023-06-20
389,Aditya Verma,27,M,Rajkot,2023-05-29
390,Ritu Chawla,34,F,Rajkot,2023-04-20
391,Manish Yadav,24,F,Udaipur,2023-05-05
392,Simran Kaur,25,M,Hisar,2023-05-25
393,Akash Jadhav,38,F,Ahmedabad,2023-06-06
394,Yash Chavan,23,M,Chandigarh,2023-03-15
395,Aditya Verma,40,F,Varanasi,2023-03-15
396,Ankit Verma,38,M,Satara,2023-03-01
397,Pallavi Kulkarni,42,F,Alibaug,2023-04-15
398,Akash Jadhav,41,F,Varanasi,2023-05-25
399,Simran Kaur,41,M,Solapur,2023-05-31
400,Shivani Dubey,40,F,Delhi,2023-04-01
401,Vikram Rathod,23,M,Jaipur,2023-02-01
402,Megha Sharma,23,M,Indore,2023-04-10
403,Ritu Chawla,28,M,Panvel,2023-06-28
404,Anjali Kulkarni,30,M,Nagpur,2023-05-23
405,Megha Sharma,37,M,Varanasi,2023-05-19
406,Priyal Shah,31,F,Mysore,2023-02-15
407,Raj Malhotra,27,F,Mumbai,2023-05-11
408,Shruti Joshi,32,M,Ambala,2023-06-12
409,Neha Singh,36,F,Noida,2023-05-23
410,Yash Chavan,27,M,Solapur,2023-05-03
411,Pratik Desai,34,F,Kochi,2023-05-01
412,Anjali Kulkarni,23,F,Delhi,2023-06-08
413,Aman Kapoor,32,F,Ajmer,2023-05-05
414,Sheetal Patil,36,F,Ajmer,2023-02-10
415,Divya Mishra,27,M,Thane,2023-04-12
416,Arjun Nair,23,M,Vadodara,2023-06-20
417,Priya Joshi,24,F,Vadodara,2023-06-14
418,Arjun Nair,32,F,Aurangabad,2023-06-30
419,Ankit Verma,31,M,Varanasi,2023-06-28
420,Manish Yadav,40,F,Lucknow,2023-05-01
421,Pratik Desai,37,M,Bhopal,2023-04-12
422,Rahul Khanna,35,M,Gurgaon,2023-04-22
423,Sheetal Patil,25,M,Faridabad,2023-06-02
424,Rahul Khanna,29,F,Solapur,2023-05-27
425,Nikita Kulkarni,24,M,Ajmer,2023-01-10
426,Ritesh Pawar,42,F,Varanasi,2023-04-18
427,Divya Mishra,37,M,Faridabad,2023-04-12
428,Riya Patel,30,F,Pune,2023-04-22
429,Aarav Sharma,31,F,Mumbai,2023-05-09
430,Akash Jadhav,40,F,Mumbai,2023-03-15
431,Rohan Mehta,35,M,Lucknow,2023-06-30
432,Aishwarya Nair,34,M,Ajmer,2023-05-15
433,Harsh Malhotra,33,F,Sangli,2023-06-20
434,Anushka Desai,23,F,Indore,2023-05-07
435,Riya Patel,41,F,Nashik,2023-06-22
436,Aditya Verma,22,M,Bangalore,2023-03-15
437,Manish Yadav,38,M,Mumbai,2023-03-15
438,Pooja Deshmukh,29,M,Gurgaon,2023-05-13
439,Aishwarya Nair,35,M,Satara,2023-06-24
440,Rohan Mehta,34,F,Mysore,2023-04-12
441,Yash Chavan,42,F,Solapur,2023-06-08
442,Riya Ghosh,32,M,Pune,2023-06-04
443,Monika Bansal,35,M,Bangalore,2023-06-28
444,Amit Kulkarni,23,F,Nashik,2023-05-17
445,Shivani Dubey,34,M,Udaipur,2023-05-11
446,Isha Mehta,41,M,Vadodara,2023-04-20
447,Vikram Rathod,37,M,Kolhapur,2023-01-15
448,Nidhi Arora,33,M,Lucknow,2023-04-25
449,Isha Mehta,34,M,Kanpur,2023-04-22
450,Ritu Chawla,22,M,Kochi,2023-05-21
451,Mayank Agarwal,36,F,Kochi,2023-06-08
452,Priya Joshi,27,M,Lucknow,2023-04-12
453,Monika Bansal,26,M,Bangalore,2023-05-25
454,Priyal Shah,23,F,Udaipur,2023-06-30
455,Manish Yadav,34,F,Bhopal,2023-05-19
456,Megha Sharma,38,F,Pune,2023-06-22
457,Mayank Agarwal,22,M,Sangli,2023-05-21
458,Shreya Kulkarni,27,F,Ajmer,2023-04-25
459,Mayank Agarwal,28,M,Trivandrum,2023-04-12
460,Anjali Kulkarni,31,M,Solapur,2023-06-16
461,Amit Kulkarni,24,M,Chandigarh,2023-05-03
462,Preeti Arora,27,F,Kanpur,2023-05-21
463,Riya Patel,35,F,Aurangabad,2023-05-03
464,Naveen Rao,41,F,Rajkot,2023-06-26
465,Abhinav Tiwari,28,F,Varanasi,2023-04-22
466,Siddharth Jain,24,F,Pune,2023-06-10
467,Amit Kulkarni,26,M,Trivandrum,2023-04-27
468,Nidhi Arora,41,M,Vadodara,2023-04-18
469,Raj Malhotra,34,M,Alibaug,2023-03-20
470,Priyal Shah,27,M,Mumbai,2023-04-01
471,Neha Singh,38,F,Delhi,2023-06-18
472,Sonal Jain,37,F,Hisar,2023-05-23
473,Ritesh Pawar,29,M,Varanasi,2023-05-07
474,Naveen Rao,31,F,Panvel,2023-05-21
475,Shivani Dubey,25,F,Mysore,2023-05-27
476,Manish Yadav,42,M,Solapur,2023-03-20
477,Yash Chavan,28,M,Hisar,2023-06-24
478,Harsh Malhotra,26,F,Hisar,2023-01-10
479,Kavya Iyer,28,F,Pune,2023-06-18
480,Divya Mishra,32,M,Delhi,2023-05-31
481,Pratik Desai,35,M,Mysore,2023-04-05
482,Anushka Desai,25,M,Sangli,2023-05-29
483,Nikita Kulkarni,35,F,Sangli,2023-04-20
484,Saurabh Mishra,26,M,Bangalore,2023-03-20
485,Riya Ghosh,29,M,Kolkata,2023-05-25
486,Shivani Dubey,25,F,Chennai,2023-04-18
487,Mayank Agarwal,29,F,Alibaug,2023-04-10
488,Yash Chavan,26,F,Indore,2023-05-27
489,Abhinav Tiwari,37,F,Kochi,2023-06-20
490,Riya Ghosh,35,F,Aurangabad,2023-04-15
491,Pooja Deshmukh,29,M,Bhavnagar,2023-03-15
492,Manish Yadav,39,M,Udaipur,2023-03-15
493,Anushka Desai,28,F,Ajmer,2023-05-15
494,Nidhi Arora,25,F,Delhi,2023-04-10
495,Pratik Desai,27,F,Satara,2023-01-10
496,Deepak Soni,31,F,Pune,2023-06-16
497,Aman Kapoor,38,F,Rajkot,2023-06-10
498,Kavya Iyer,40,M,Kolhapur,2023-06-14
499,Deepak Soni,30,M,Bhavnagar,2023-04-05
500,Preeti Arora,23,M,Panvel,2023-06-08
501,Shivani Dubey,30,M,Bangalore,2023-06-16
502,Pooja Deshmukh,25,F,Jaipur,2023-05-23
503,Naveen Rao,37,M,Sangli,2023-04-22
504,Arjun Nair,30,F,Thane,2023-05-27
505,Priya Joshi,25,F,Alibaug,2023-05-25
506,Naveen Rao,28,F,Noida,2023-05-19
507,Mayank Agarwal,39,M,Varanasi,2023-05-03
508,Sonal Jain,35,F,Bhopal,2023-05-03
509,Pratik Desai,30,M,Panvel,2023-06-10
510,Pallavi Kulkarni,38,M,Aurangabad,2023-05-07
511,Priyal Shah,36,F,Surat,2023-03-01
512,Riya Patel,28,F,Satara,2023-05-05
513,Raj Malhotra,31,F,Udaipur,2023-06-30
514,Aarav Sharma,39,M,Udaipur,2023-06-06
515,Nikita Kulkarni,28,F,Chandigarh,2023-06-04
516,Sonal Jain,25,M,Surat,2023-06-20
517,Ritesh Pawar,24,F,Kolkata,2023-03-15
518,Pratik Desai,42,F,Indore,2023-06-12
519,Harsh Malhotra,39,M,Ambala,2023-06-28
520,Preeti Arora,26,M,Mysore,2023-05-31
521,Harsh Malhotra,32,M,Nagpur,2023-04-05
522,Nikita Kulkarni,28,M,Gurgaon,2023-05-09
523,Parth Doshi,34,M,Nashik,2023-06-28
524,Siddharth Jain,24,M,Ambala,2023-05-03
525,Preeti Arora,42,F,Indore,2023-01-15
526,Vikram Rathod,30,F,Satara,2023-06-10
527,Shivani Dubey,25,M,Gurgaon,2023-04-27
528,Akash Jadhav,26,F,Pune,2023-06-08
529,Ritu Chawla,39,M,Noida,2023-05-17
530,Nidhi Arora,29,F,Udaipur,2023-04-22
531,Rohan Mehta,22,F,Alibaug,2023-03-01
532,Ankit Verma,27,M,Bhavnagar,2023-04-27
533,Nikita Kulkarni,24,M,Mumbai,2023-06-06
534,Akash Jadhav,32,M,Noida,2023-05-17
535,Aishwarya Nair,38,F,Panvel,2023-01-15
536,Rahul Khanna,29,M,Gurgaon,2023-06-06
537,Vikram Rathod,41,F,Hisar,2023-06-04
538,Raj Malhotra,42,M,Ahmedabad,2023-02-10
539,Mayank Agarwal,29,F,Trivandrum,2023-05-05
540,Naveen Rao,41,F,Ambala,2023-05-13
541,Raj Malhotra,24,M,Aurangabad,2023-06-28
542,Shivani Dubey,33,F,Chennai,2023-06-16
543,Amit Kulkarni,35,F,Mumbai,2023-06-02
544,Sonal Jain,39,M,Sangli,2023-04-12
545,Riya Patel,27,F,Aurangabad,2023-05-25
546,Amit Kulkarni,32,M,Gurgaon,2023-04-22
547,Amit Kulkarni,26,M,Mysore,2023-06-12
548,Preeti Arora,35,M,Solapur,2023-06-02
549,Mayank Agarwal,33,M,Nagpur,2023-06-22
550,Aarav Sharma,40,F,Jaipur,2023-04-27
551,Abhinav Tiwari,31,F,Chennai,2023-05-31
552,Raj Malhotra,39,F,Chennai,2023-06-22
553,Preeti Arora,23,M,Ajmer,2023-06-10
554,Anushka Desai,25,F,Delhi,2023-05-17
555,Abhinav Tiwari,40,F,Gurgaon,2023-01-10
556,Siddharth Jain,37,M,Kolhapur,2023-06-14
557,Vikram Rathod,23,M,Mumbai,2023-04-25
558,Aditya Verma,26,F,Gurgaon,2023-06-26
559,Shreya Kulkarni,32,M,Delhi,2023-06-10
560,Yash Chavan,38,M,Lucknow,2023-05-27
561,Isha Mehta,35,M,Trivandrum,2023-04-10
562,Isha Mehta,23,M,Panvel,2023-03-15
563,Monika Bansal,22,F,Ambala,2023-05-09
564,Riya Ghosh,26,M,Ambala,2023-04-20
565,Shivani Dubey,35,M,Pune,2023-06-30
566,Pooja Deshmukh,30,M,Faridabad,2023-02-10
567,Rahul Khanna,34,M,Kanpur,2023-06-06
568,Yash Chavan,39,M,Vadodara,2023-06-18
569,Isha Mehta,22,M,Bhopal,2023-05-15
570,Parth Doshi,41,M,Gwalior,2023-03-20
571,Mayank Agarwal,40,M,Bhopal,2023-06-24
572,Priya Joshi,42,F,Mysore,2023-04-20
573,Parth Doshi,35,M,Pune,2023-04-10
574,Akash Jadhav,29,F,Hisar,2023-05-23
575,Pooja Deshmukh,29,M,Solapur,2023-05-09
576,Shruti Joshi,35,M,Kanpur,2023-04-15
577,Ritu Chawla,32,M,Chennai,2023-06-20
578,Rahul Khanna,22,M,Gwalior,2023-05-11
579,Simran Kaur,39,F,Kanpur,2023-05-29
580,Aman Kapoor,32,M,Mumbai,2023-02-01
581,Pratik Desai,23,M,Bangalore,2023-05-09
582,Mayank Agarwal,29,F,Varanasi,2023-06-14
583,Manish Yadav,24,F,Surat,2023-03-20
584,Yash Chavan,27,M,Chennai,2023-05-13
585,Shruti Joshi,22,F,Jaipur,2023-05-01
586,Kavya Iyer,24,F,Vadodara,2023-06-10
587,Simran Kaur,22,F,Kanpur,2023-04-01
588,Abhinav Tiwari,30,M,Kolhapur,2023-04-27
589,Divya Mishra,22,M,Surat,2023-02-01
590,Abhinav Tiwari,39,M,Indore,2023-05-09
591,Pooja Deshmukh,35,F,Noida,2023-02-15
592,Kunal Shah,35,M,Ajmer,2023-02-01
593,Sonal Jain,41,F,Kolkata,2023-05-15
594,Saurabh Mishra,26,M,Pune,2023-04-20
595,Naveen Rao,38,M,Sangli,2023-06-28
596,Sonal Jain,42,F,Ahmedabad,2023-04-18
597,Akash Jadhav,29,M,Satara,2023-05-31
598,Megha Sharma,28,F,Alibaug,2023-04-10
599,Priya Joshi,42,F,Chandigarh,2023-06-12
600,Shruti Joshi,29,M,Kochi,2023-06-18
601,Arjun Nair,27,F,Bhopal,2023-05-13
602,Mayank Agarwal,40,M,Delhi,2023-06-24
603,Manish Yadav,27,M,Surat,2023-05-29
604,Sonal Jain,38,F,Kanpur,2023-05-07
605,Pratik Desai,25,M,Faridabad,2023-05-23
606,Nidhi Arora,38,F,Surat,2023-06-30
607,Arjun Nair,22,M,Chandigarh,2023-05-01
608,Anjali Kulkarni,39,M,Gwalior,2023-04-10
609,Kunal Shah,32,M,Kolhapur,2023-05-07
610,Arjun Nair,26,M,Nashik,2023-02-10
611,Amit Kulkarni,33,M,Bangalore,2023-05-07
612,Sheetal Patil,29,F,Varanasi,2023-06-26
613,Simran Kaur,36,F,Kolhapur,2023-06-26
614,Shreya Kulkarni,36,F,Gurgaon,2023-01-10
615,Manish Yadav,31,F,Chennai,2023-05-11
616,Ritesh Pawar,36,F,Gwalior,2023-01-15
617,Divya Mishra,29,F,Bangalore,2023-05-21
618,Aman Kapoor,23,M,Rajkot,2023-02-01
619,Monika Bansal,29,M,Bhopal,2023-05-03
620,Siddharth Jain,33,F,Bangalore,2023-05-11
621,Vikram Rathod,32,F,Gwalior,2023-05-01
622,Divya Mishra,40,M,Kanpur,2023-06-28
623,Anushka Desai,41,M,Satara,2023-05-05
624,Siddharth Jain,36,M,Bangalore,2023-05-03
625,Mayank Agarwal,41,F,Ahmedabad,2023-05-27
626,Anjali Kulkarni,35,F,Thane,2023-06-06
627,Aman Kapoor,42,F,Aurangabad,2023-04-18
628,Ritu Chawla,41,M,Pune,2023-06-22
629,Vikram Rathod,22,M,Gwalior,2023-04-18
630,Isha Mehta,36,F,Jaipur,2023-06-22
631,Naveen Rao,34,F,Ajmer,2023-05-11
632,Shivani Dubey,30,M,Kochi,2023-05-03
633,Aditya Verma,30,M,Trivandrum,2023-05-09
634,Yash Chavan,24,M,Sangli,2023-02-15
635,Raj Malhotra,27,M,Bhopal,2023-03-01
636,Preeti Arora,27,F,Sangli,2023-06-28
637,Sonal Jain,34,M,Kanpur,2023-06-16
638,Manish Yadav,28,M,Solapur,2023-06-26
639,Isha Mehta,37,M,Ajmer,2023-06-18
640,Siddharth Jain,31,F,Solapur,2023-06-24
641,Kunal Shah,34,F,Hisar,2023-05-07
642,Parth Doshi,39,M,Faridabad,2023-02-10
643,Neha Singh,39,M,Indore,2023-05-15
644,Ritesh Pawar,27,M,Chandigarh,2023-04-25
645,Nidhi Arora,26,F,Lucknow,2023-05-03
646,Abhinav Tiwari,34,F,Solapur,2023-05-17
647,Sanket Patil,32,F,Indore,2023-05-31
648,Divya Mishra,31,M,Gurgaon,2023-05-05
649,Ankit Verma,39,F,Ahmedabad,2023-06-10
650,Shruti Joshi,35,M,Chennai,2023-05-07
651,Naveen Rao,34,M,Bangalore,2023-02-01
652,Anushka Desai,22,M,Rajkot,2023-06-10
653,Isha Mehta,34,F,Bangalore,2023-06-30
654,Riya Patel,31,M,Faridabad,2023-04-01
655,Vikram Rathod,31,F,Lucknow,2023-05-11
656,Anushka Desai,29,F,Ajmer,2023-06-28
657,Shivani Dubey,42,M,Varanasi,2023-03-15
658,Monika Bansal,26,M,Kolhapur,2023-04-05
659,Sanket Patil,40,F,Kochi,2023-02-15
660,Sanket Patil,42,M,Delhi,2023-06-20
661,Divya Mishra,23,F,Indore,2023-06-04
662,Megha Sharma,34,M,Mysore,2023-06-20
663,Megha Sharma,31,F,Noida,2023-06-06
664,Vikram Rathod,24,F,Vadodara,2023-05-19
665,Siddharth Jain,38,F,Surat,2023-02-15
666,Priyal Shah,42,F,Ahmedabad,2023-03-20
667,Ritesh Pawar,32,M,Hisar,2023-06-26
668,Parth Doshi,38,M,Indore,2023-01-15
669,Ritesh Pawar,42,F,Bhavnagar,2023-01-10
670,Isha Mehta,42,F,Satara,2023-06-10
671,Shruti Joshi,32,M,Lucknow,2023-05-21
672,Isha Mehta,31,M,Aurangabad,2023-04-05
673,Akash Jadhav,38,M,Varanasi,2023-05-17
674,Priya Joshi,27,M,Solapur,2023-06-18
675,Monika Bansal,37,M,Bhavnagar,2023-04-10
676,Abhinav Tiwari,35,M,Ajmer,2023-06-08
677,Siddharth Jain,37,F,Varanasi,2023-05-13
678,Aishwarya Nair,33,M,Ajmer,2023-04-12
679,Rohan Mehta,42,M,Kanpur,2023-03-15
680,Aarav Sharma,39,F,Ajmer,2023-05-17
681,Monika Bansal,42,M,Vadodara,2023-05-21
682,Parth Doshi,27,M,Ahmedabad,2023-03-20
683,Aditya Verma,29,M,Thane,2023-06-08
684,Naveen Rao,39,M,Mysore,2023-05-23
685,Anjali Kulkarni,30,M,Satara,2023-05-03
686,Monika Bansal,32,F,Delhi,2023-06-24
687,Shreya Kulkarni,28,M,Chennai,2023-05-29
688,Neha Singh,35,F,Trivandrum,2023-05-23
689,Divya Mishra,41,F,Varanasi,2023-05-11
690,Yash Chavan,39,M,Indore,2023-04-10
691,Abhinav Tiwari,26,F,Nagpur,2023-01-10
692,Sheetal Patil,23,M,Gwalior,2023-05-05
693,Aarav Sharma,42,F,Ambala,2023-06-10
694,Priyal Shah,23,F,Chennai,2023-06-04
695,Kunal Shah,38,M,Panvel,2023-06-24
696,Amit Kulkarni,37,M,Ahmedabad,2023-01-10
697,Kunal Shah,41,M,Solapur,2023-01-10
698,Parth Doshi,37,M,Pune,2023-06-14
699,Ritu Chawla,41,M,Mumbai,2023-06-14
700,Neha Singh,41,F,Kanpur,2023-05-03
701,Pooja Deshmukh,24,F,Lucknow,2023-04-18
702,Yash Chavan,29,F,Noida,2023-04-22
703,Yash Chavan,30,F,Indore,2023-05-05
704,Raj Malhotra,24,F,Trivandrum,2023-06-06
705,Kavya Iyer,23,F,Satara,2023-05-31
706,Siddharth Jain,32,F,Udaipur,2023-06-20
707,Priyal Shah,28,M,Satara,2023-04-20
708,Ritu Chawla,42,M,Panvel,2023-03-15
709,Harsh Malhotra,33,F,Mysore,2023-06-24
710,Sanket Patil,29,F,Thane,2023-04-22
711,Shivani Dubey,28,M,Noida,2023-04-22
712,Abhinav Tiwari,28,M,Rajkot,2023-05-13
713,Arjun Nair,37,M,Mumbai,2023-04-12
714,Neha Singh,40,M,Pune,2023-04-22
715,Simran Kaur,37,F,Kochi,2023-06-06
716,Aishwarya Nair,38,M,Nagpur,2023-04-22
717,Ritesh Pawar,36,F,Panvel,2023-06-26
718,Naveen Rao,31,F,Kanpur,2023-04-15
719,Priyal Shah,25,F,Mumbai,2023-06-20
720,Priya Joshi,24,M,Indore,2023-03-01
721,Raj Malhotra,31,M,Panvel,2023-05-31
722,Shivani Dubey,28,F,Nagpur,2023-06-22
723,Sonal Jain,38,F,Ambala,2023-04-15
724,Saurabh Mishra,28,F,Ambala,2023-06-24
725,Parth Doshi,33,M,Chennai,2023-03-15
726,Aditya Verma,24,F,Bhavnagar,2023-04-18
727,Kavya Iyer,38,M,Gurgaon,2023-05-15
728,Rohan Mehta,36,F,Indore,2023-04-12
729,Rohan Mehta,35,F,Varanasi,2023-06-28
730,Akash Jadhav,37,F,Vadodara,2023-05-23
731,Manish Yadav,31,M,Udaipur,2023-05-31
732,Parth Doshi,39,M,Noida,2023-03-01
733,Amit Kulkarni,42,F,Rajkot,2023-02-15
734,Vikram Rathod,28,M,Trivandrum,2023-05-05
735,Aishwarya Nair,22,F,Pune,2023-06-28
736,Parth Doshi,27,M,Solapur,2023-05-07
737,Anushka Desai,33,M,Nagpur,2023-05-11
738,Vikram Rathod,39,M,Varanasi,2023-05-29
739,Shreya Kulkarni,40,F,Lucknow,2023-05-13
740,Divya Mishra,36,M,Kanpur,2023-06-24
741,Mayank Agarwal,34,M,Rajkot,2023-02-15
742,Ritu Chawla,36,F,Gurgaon,2023-05-13
743,Aditya Verma,36,F,Ajmer,2023-05-01
744,Megha Sharma,33,F,Aurangabad,2023-03-01
745,Vikram Rathod,31,F,Sangli,2023-03-01
746,Riya Ghosh,31,M,Ambala,2023-06-30
747,Sanket Patil,28,M,Gwalior,2023-04-25
748,Akash Jadhav,23,M,Bangalore,2023-02-10
749,Abhinav Tiwari,26,M,Mysore,2023-04-22
750,Amit Kulkarni,40,M,Nashik,2023-04-15
751,Neha Singh,30,F,Delhi,2023-04-15
752,Anjali Kulkarni,37,M,Gwalior,2023-04-12
753,Yash Chavan,28,M,Nashik,2023-03-10
754,Shivani Dubey,28,M,Surat,2023-06-18
755,Harsh Malhotra,41,F,Faridabad,2023-04-18
756,Saurabh Mishra,29,F,Thane,2023-04-27
757,Aditya Verma,40,M,Indore,2023-06-16
758,Pallavi Kulkarni,32,F,Faridabad,2023-06-24
759,Ritesh Pawar,35,F,Bhavnagar,2023-06-18
760,Amit Kulkarni,37,F,Kanpur,2023-05-31
761,Aditya Verma,27,F,Panvel,2023-04-22
762,Abhinav Tiwari,27,F,Jaipur,2023-05-31
763,Shivani Dubey,22,F,Delhi,2023-04-27
764,Pooja Deshmukh,41,F,Indore,2023-05-01
765,Anushka Desai,41,M,Bhavnagar,2023-06-02
766,Amit Kulkarni,32,M,Mumbai,2023-05-31
767,Kunal Shah,23,F,Varanasi,2023-05-25
768,Preeti Arora,42,M,Chandigarh,2023-06-26
769,Abhinav Tiwari,27,M,Gurgaon,2023-06-18
770,Rohan Mehta,25,F,Nagpur,2023-06-10
771,Harsh Malhotra,28,M,Chennai,2023-05-09
772,Shivani Dubey,29,F,Noida,2023-04-22
773,Ritu Chawla,38,F,Aurangabad,2023-03-10
774,Kunal Shah,42,F,Rajkot,2023-06-16
775,Riya Ghosh,30,M,Gwalior,2023-06-30
776,Simran Kaur,29,M,Alibaug,2023-01-10
777,Rohan Mehta,33,M,Nagpur,2023-05-31
778,Sheetal Patil,23,M,Faridabad,2023-05-25
779,Sonal Jain,40,F,Udaipur,2023-06-02
780,Divya Mishra,37,F,Ahmedabad,2023-04-12
781,Kavya Iyer,28,M,Bhavnagar,2023-03-01
782,Yash Chavan,32,F,Panvel,2023-04-15
783,Sheetal Patil,41,F,Alibaug,2023-06-04
784,Sanket Patil,28,M,Trivandrum,2023-06-26
785,Pallavi Kulkarni,22,F,Rajkot,2023-04-18
786,Rohan Mehta,32,M,Faridabad,2023-06-24
787,Sanket Patil,39,F,Mysore,2023-02-10
788,Mayank Agarwal,39,M,Satara,2023-06-10
789,Shreya Kulkarni,42,F,Nashik,2023-04-20
790,Preeti Arora,25,F,Jaipur,2023-05-17
791,Naveen Rao,36,M,Pune,2023-04-20
792,Megha Sharma,22,M,Satara,2023-02-10
793,Ritesh Pawar,37,M,Kochi,2023-06-20
794,Aditya Verma,42,M,Hisar,2023-05-13
795,Preeti Arora,35,F,Pune,2023-05-17
796,Shivani Dubey,34,F,Rajkot,2023-05-25
797,Preeti Arora,37,M,Trivandrum,2023-06-20
798,Deepak Soni,25,F,Mumbai,2023-01-15
799,Sanket Patil,41,M,Delhi,2023-05-23
800,Naveen Rao,40,M,Bhopal,2023-02-01
801,Ankit Verma,32,F,Bhavnagar,2023-03-15
802,Kavya Iyer,42,F,Mumbai,2023-05-09
803,Ritu Chawla,38,M,Bhavnagar,2023-04-18
804,Rahul Khanna,42,M,Bhavnagar,2023-06-16
805,Shruti Joshi,28,M,Udaipur,2023-05-23
806,Preeti Arora,22,F,Solapur,2023-03-20
807,Pallavi Kulkarni,28,F,Bangalore,2023-06-08
808,Ankit Verma,22,F,Indore,2023-06-20
809,Sheetal Patil,34,F,Rajkot,2023-01-15
810,Saurabh Mishra,25,M,Udaipur,2023-03-15
811,Sanket Patil,33,M,Kochi,2023-03-10
812,Raj Malhotra,33,M,Delhi,2023-06-18
813,Naveen Rao,38,M,Ajmer,2023-06-08
814,Abhinav Tiwari,32,M,Kanpur,2023-06-14
815,Anushka Desai,29,M,Vadodara,2023-04-20
816,Nikita Kulkarni,42,F,Pune,2023-05-31
817,Deepak Soni,40,F,Bangalore,2023-05-21
818,Riya Ghosh,39,M,Mumbai,2023-04-01
819,Arjun Nair,32,M,Pune,2023-06-06
820,Rohan Mehta,40,F,Kolhapur,2023-04-25
821,Raj Malhotra,36,F,Varanasi,2023-06-30
822,Naveen Rao,25,F,Sangli,2023-02-15
823,Aman Kapoor,38,F,Noida,2023-05-19
824,Manish Yadav,33,M,Udaipur,2023-06-08
825,Anushka Desai,31,M,Hisar,2023-05-29
826,Priya Joshi,24,M,Noida,2023-06-16
827,Megha Sharma,35,M,Ambala,2023-06-20
828,Raj Malhotra,36,M,Ambala,2023-05-07
829,Monika Bansal,34,F,Bangalore,2023-02-15
830,Siddharth Jain,25,M,Panvel,2023-05-21
831,Aman Kapoor,40,F,Aurangabad,2023-03-01
832,Divya Mishra,31,M,Surat,2023-06-22
833,Nikita Kulkarni,40,M,Gwalior,2023-06-18
834,Riya Patel,28,M,Udaipur,2023-02-10
835,Anjali Kulkarni,23,M,Nagpur,2023-05-19
836,Sanket Patil,30,M,Chennai,2023-05-07
837,Ritesh Pawar,28,F,Vadodara,2023-03-01
838,Pooja Deshmukh,24,F,Aurangabad,2023-05-25
839,Siddharth Jain,25,F,Satara,2023-06-14
840,Riya Patel,31,M,Bangalore,2023-04-25
841,Megha Sharma,35,M,Sangli,2023-04-18
842,Sanket Patil,24,F,Gurgaon,2023-06-10
843,Priyal Shah,27,M,Kolhapur,2023-05-25
844,Deepak Soni,28,M,Sangli,2023-03-20
845,Parth Doshi,35,F,Surat,2023-06-04
846,Saurabh Mishra,23,M,Delhi,2023-04-01
847,Mayank Agarwal,29,F,Thane,2023-05-01
848,Preeti Arora,33,M,Satara,2023-03-01
849,Aman Kapoor,23,F,Nagpur,2023-06-26
850,Shivani Dubey,42,M,Solapur,2023-02-01
851,Ritu Chawla,22,M,Alibaug,2023-06-14
852,Naveen Rao,34,F,Sangli,2023-04-05
853,Vikram Rathod,29,M,Jaipur,2023-06-16
854,Sheetal Patil,41,M,Ambala,2023-04-22
855,Kavya Iyer,30,F,Sangli,2023-05-25
856,Rahul Khanna,38,M,Gurgaon,2023-02-10
857,Monika Bansal,41,F,Udaipur,2023-02-10
858,Arjun Nair,39,M,Ahmedabad,2023-04-22
859,Priya Joshi,27,M,Alibaug,2023-06-12
860,Saurabh Mishra,23,M,Chennai,2023-04-27
861,Megha Sharma,25,M,Faridabad,2023-02-15
862,Shivani Dubey,37,F,Thane,2023-05-25
863,Pallavi Kulkarni,22,M,Satara,2023-05-05
864,Kunal Shah,22,F,Gwalior,2023-03-01
865,Monika Bansal,29,M,Thane,2023-05-31
866,Yash Chavan,42,M,Gurgaon,2023-05-05
867,Ritesh Pawar,39,M,Ambala,2023-01-10
868,Nidhi Arora,33,M,Bhopal,2023-05-01
869,Neha Singh,30,F,Indore,2023-05-05
870,Aishwarya Nair,36,F,Panvel,2023-06-26
871,Megha Sharma,26,F,Mysore,2023-04-05
872,Nikita Kulkarni,36,F,Nagpur,2023-04-12
873,Shreya Kulkarni,31,M,Rajkot,2023-06-14
874,Neha Singh,27,F,Nashik,2023-02-01
875,Deepak Soni,40,F,Bhopal,2023-03-20
876,Mayank Agarwal,27,M,Aurangabad,2023-04-10
877,Pooja Deshmukh,39,M,Kanpur,2023-05-07
878,Nidhi Arora,23,M,Trivandrum,2023-04-15
879,Mayank Agarwal,35,M,Rajkot,2023-05-27
880,Priya Joshi,31,F,Hisar,2023-04-25
881,Aarav Sharma,26,F,Chandigarh,2023-06-28
882,Nidhi Arora,42,M,Nagpur,2023-06-12
883,Sonal Jain,28,M,Gwalior,2023-03-20
884,Divya Mishra,34,M,Gwalior,2023-05-07
885,Shreya Kulkarni,42,F,Kanpur,2023-04-01
886,Anjali Kulkarni,23,F,Delhi,2023-04-27
887,Akash Jadhav,26,M,Indore,2023-06-24
888,Ritesh Pawar,22,M,Mumbai,2023-02-15
889,Pooja Deshmukh,27,F,Solapur,2023-06-24
890,Nikita Kulkarni,38,M,Mysore,2023-05-07
891,Vikram Rathod,39,M,Jaipur,2023-05-21
892,Pooja Deshmukh,37,F,Mumbai,2023-05-11
893,Arjun Nair,34,M,Mysore,2023-05-17
894,Ritesh Pawar,27,F,Solapur,2023-05-29
895,Harsh Malhotra,22,M,Jaipur,2023-06-20
896,Ankit Verma,35,M,Solapur,2023-06-26
897,Kavya Iyer,31,F,Aurangabad,2023-06-24
898,Akash Jadhav,30,F,Hisar,2023-05-11
899,Kunal Shah,39,M,Lucknow,2023-04-01
900,Megha Sharma,27,F,Gurgaon,2023-04-15
901,Harsh Malhotra,29,M,Kochi,2023-06-14
902,Manish Yadav,32,M,Jaipur,2023-06-22
903,Sonal Jain,36,F,Bangalore,2023-05-21
904,Shivani Dubey,36,M,Lucknow,2023-06-12
905,Priyal Shah,37,M,Delhi,2023-05-11
906,Shivani Dubey,22,F,Kochi,2023-04-15
907,Ritesh Pawar,36,F,Aurangabad,2023-05-31
908,Neha Singh,38,M,Mumbai,2023-06-26
909,Mayank Agarwal,25,F,Gurgaon,2023-05-29
910,Vikram Rathod,26,F,Noida,2023-04-01
911,Sanket Patil,42,F,Delhi,2023-05-31
912,Saurabh Mishra,27,F,Trivandrum,2023-04-05
913,Siddharth Jain,36,M,Solapur,2023-04-05
914,Kunal Shah,30,M,Ambala,2023-05-03
915,Ritesh Pawar,38,M,Lucknow,2023-05-03
916,Ritesh Pawar,27,F,Surat,2023-05-05
917,Harsh Malhotra,37,F,Noida,2023-06-20
918,Megha Sharma,24,F,Rajkot,2023-03-10
919,Riya Patel,32,F,Nagpur,2023-04-22
920,Akash Jadhav,39,F,Mumbai,2023-01-15
921,Anjali Kulkarni,37,F,Solapur,2023-04-10
922,Aishwarya Nair,40,F,Satara,2023-06-14
923,Nidhi Arora,33,M,Surat,2023-04-25
924,Harsh Malhotra,38,M,Kochi,2023-04-05
925,Deepak Soni,24,F,Bhopal,2023-04-20
926,Aditya Verma,37,F,Solapur,2023-06-28
927,Mayank Agarwal,26,F,Kanpur,2023-04-25
928,Isha Mehta,27,M,Kanpur,2023-05-31
929,Pallavi Kulkarni,39,M,Ahmedabad,2023-05-13
930,Ritesh Pawar,30,F,Trivandrum,2023-04-20
931,Pratik Desai,40,F,Delhi,2023-03-01
932,Akash Jadhav,40,M,Nashik,2023-06-18
933,Shruti Joshi,26,M,Thane,2023-06-16
934,Yash Chavan,40,M,Faridabad,2023-06-24
935,Aishwarya Nair,22,M,Ahmedabad,2023-06-24
936,Kavya Iyer,33,F,Ambala,2023-06-26
937,Rahul Khanna,34,M,Chandigarh,2023-06-14
938,Rohan Mehta,41,M,Satara,2023-04-10
939,Aditya Verma,30,F,Chennai,2023-04-12
940,Aarav Sharma,31,M,Kolhapur,2023-02-10
941,Riya Ghosh,39,M,Panvel,2023-06-08
942,Kunal Shah,23,M,Trivandrum,2023-01-15
943,Shivani Dubey,32,F,Rajkot,2023-05-13
944,Vikram Rathod,35,M,Faridabad,2023-05-15
945,Parth Doshi,38,F,Ahmedabad,2023-05-15
946,Abhinav Tiwari,33,F,Jaipur,2023-04-18
947,Ritu Chawla,37,M,Trivandrum,2023-03-15
948,Pooja Deshmukh,38,M,Ajmer,2023-03-10
949,Divya Mishra,26,M,Solapur,2023-06-24
950,Kunal Shah,37,M,Solapur,2023-06-22
951,Isha Mehta,38,F,Delhi,2023-06-10
952,Shruti Joshi,36,M,Kanpur,2023-04-10
953,Deepak Soni,42,M,Delhi,2023-04-12
954,Simran Kaur,36,M,Bhopal,2023-06-16
955,Priyal Shah,23,F,Pune,2023-04-22
956,Abhinav Tiwari,35,M,Nashik,2023-04-22
957,Mayank Agarwal,22,M,Kolkata,2023-06-02
958,Ritesh Pawar,36,F,Ambala,2023-05-03
959,Simran Kaur,31,F,Varanasi,2023-03-15
960,Kunal Shah,31,M,Thane,2023-02-15
961,Deepak Soni,39,M,Ahmedabad,2023-05-13
962,Priyal Shah,37,M,Nagpur,2023-04-20
963,Shreya Kulkarni,42,M,Rajkot,2023-06-02
964,Arjun Nair,23,M,Kolkata,2023-05-17
965,Aditya Verma,31,F,Mysore,2023-05-19
966,Ritesh Pawar,27,F,Trivandrum,2023-06-24
967,Isha Mehta,26,M,Noida,2023-04-10
968,Ritu Chawla,27,M,Panvel,2023-06-04
969,Aditya Verma,34,F,Chandigarh,2023-05-21
970,Aishwarya Nair,34,M,Nagpur,2023-05-07
971,Priyal Shah,32,M,Alibaug,2023-04-20
972,Kunal Shah,35,M,Aurangabad,2023-04-15
973,Abhinav Tiwari,24,M,Ambala,2023-04-01
974,Monika Bansal,27,M,Gurgaon,2023-03-10
975,Anjali Kulkarni,26,F,Vadodara,2023-06-20
976,Arjun Nair,41,M,Alibaug,2023-06-04
977,Mayank Agarwal,22,M,Kanpur,2023-05-19
978,Isha Mehta,25,M,Solapur,2023-02-01
979,Aishwarya Nair,39,F,Kochi,2023-04-18
980,Nikita Kulkarni,27,F,Rajkot,2023-06-02
981,Amit Kulkarni,42,F,Nagpur,2023-06-24
982,Riya Ghosh,25,F,Rajkot,2023-06-22
983,Sheetal Patil,23,M,Chennai,2023-04-27
984,Nidhi Arora,34,F,Solapur,2023-04-12
985,Riya Patel,35,M,Gurgaon,2023-06-14
986,Ritu Chawla,22,M,Surat,2023-05-03
987,Simran Kaur,23,F,Sangli,2023-06-04
988,Harsh Malhotra,30,F,Kolkata,2023-05-15
989,Sanket Patil,30,F,Delhi,2023-05-19
990,Mayank Agarwal,23,F,Udaipur,2023-05-01
991,Simran Kaur,38,F,Lucknow,2023-05-11
992,Pratik Desai,26,M,Panvel,2023-03-01
993,Divya Mishra,25,F,Alibaug,2023-06-02
994,Monika Bansal,41,F,Satara,2023-01-15
995,Divya Mishra,38,F,Kolhapur,2023-05-05
996,Priyal Shah,27,M,Jaipur,2023-05-25
997,Akash Jadhav,33,F,Nashik,2023-04-20
998,Aman Kapoor,39,M,Surat,2023-04-25
999,Riya Ghosh,32,F,Chandigarh,2023-02-15
1000,Megha Sharma,33,F,Ahmedabad,2023-06-02
1001,Harsh Malhotra,42,M,Thane,2023-05-21
1002,Naveen Rao,27,F,Thane,2023-06-20
1003,Abhinav Tiwari,32,M,Kolhapur,2023-04-27
1004,Ankit Verma,24,M,Indore,2023-05-07
1005,Riya Ghosh,34,M,Nashik,2023-05-29
1006,Saurabh Mishra,26,F,Trivandrum,2023-04-12
1007,Simran Kaur,40,F,Surat,2023-06-16
1008,Harsh Malhotra,32,F,Gurgaon,2023-05-19
1009,Nidhi Arora,33,M,Lucknow,2023-06-02
1010,Ritu Chawla,39,F,Ahmedabad,2023-05-05
1011,Saurabh Mishra,40,M,Kolhapur,2023-06-24
1012,Mayank Agarwal,30,F,Lucknow,2023-06-02
1013,Pooja Deshmukh,34,M,Sangli,2023-03-20
1014,Priyal Shah,42,M,Faridabad,2023-06-08
1015,Megha Sharma,23,M,Ambala,2023-04-27
1016,Kunal Shah,25,F,Bhavnagar,2023-06-06
1017,Shruti Joshi,22,M,Delhi,2023-03-01
1018,Nidhi Arora,31,M,Bhavnagar,2023-06-24
1019,Pallavi Kulkarni,42,M,Delhi,2023-04-18
1020,Aishwarya Nair,32,M,Thane,2023-05-01
1021,Ankit Verma,31,M,Mumbai,2023-03-20
1022,Priya Joshi,35,M,Thane,2023-05-25
1023,Preeti Arora,31,F,Ambala,2023-02-10
1024,Megha Sharma,37,F,Rajkot,2023-06-30
1025,Shreya Kulkarni,36,M,Udaipur,2023-04-25
1026,Ankit Verma,36,F,Jaipur,2023-02-15
1027,Riya Patel,42,F,Varanasi,2023-05-01
1028,Ankit Verma,25,M,Panvel,2023-05-07
1029,Ankit Verma,41,M,Kochi,2023-04-05
1030,Saurabh Mishra,24,M,Satara,2023-06-04
1031,Sanket Patil,32,F,Indore,2023-05-05
1032,Monika Bansal,42,M,Aurangabad,2023-02-10
1033,Ankit Verma,27,F,Trivandrum,2023-05-19
1034,Sanket Patil,23,M,Trivandrum,2023-06-18
1035,Sonal Jain,34,F,Pune,2023-05-29
1036,Nidhi Arora,24,M,Ambala,2023-04-12
1037,Siddharth Jain,37,M,Sangli,2023-06-14
1038,Riya Patel,29,F,Chennai,2023-03-20
1039,Riya Ghosh,33,F,Hisar,2023-06-14
1040,Siddharth Jain,41,F,Ajmer,2023-05-23
1041,Sonal Jain,34,F,Alibaug,2023-03-10
1042,Priyal Shah,37,F,Ajmer,2023-02-10
1043,Shreya Kulkarni,37,F,Kolhapur,2023-04-27
1044,Kunal Shah,29,M,Gwalior,2023-06-14
1045,Shivani Dubey,26,F,Rajkot,2023-05-21
1046,Anushka Desai,22,M,Chandigarh,2023-05-23
1047,Isha Mehta,26,M,Mumbai,2023-05-31
1048,Parth Doshi,29,F,Alibaug,2023-05-03
1049,Preeti Arora,24,M,Satara,2023-05-23
1050,Harsh Malhotra,23,F,Chennai,2023-04-27
