order_id,customer_id,product_id,quantity,order_date
5001,1,101,2,2023-04-05
5002,2,105,1,2023-04-06
5003,3,104,1,2023-04-06
5004,4,103,3,2023-04-07
5005,5,108,1,2023-04-08
5006,6,107,2,2023-04-08
5007,7,106,1,2023-04-09
5008,8,102,1,2023-04-10
5009,9,110,4,2023-04-11
5010,10,109,2,2023-04-12
5011,11,120,1,2023-04-13
5012,12,115,2,2023-04-13
5013,13,117,1,2023-04-14
5014,14,101,3,2023-04-15
5015,15,111,1,2023-04-15
5016,16,103,2,2023-04-16
5017,17,112,1,2023-04-17
5018,18,108,2,2023-04-18
5019,19,114,1,2023-04-18
5020,20,110,3,2023-04-19
5021,21,105,1,2023-04-20
5022,22,119,2,2023-04-21
5023,23,120,1,2023-04-21
5024,24,109,2,2023-04-22
5025,25,116,1,2023-04-23
5026,26,118,3,2023-04-24
5027,27,106,1,2023-04-25
5028,28,107,2,2023-04-25
5029,29,104,1,2023-04-26
5030,30,115,2,2023-04-27
5031,186,268,1,2024-05-26 00:00:00
5032,637,720,2,2023-06-05 00:00:00
5033,530,119,1,2023-09-12 00:00:00
5034,21,432,1,2023-06-20 00:00:00
5035,911,684,1,2024-12-28 00:00:00
5036,867,556,1,2023-06-19 00:00:00
5037,794,1057,1,2023-11-18 00:00:00
5038,100,1113,1,2024-07-20 00:00:00
5039,752,209,2,2024-03-31 00:00:00
5040,478,368,1,2024-08-25 00:00:00
5041,940,545,1,2024-09-04 00:00:00
5042,526,340,2,2023-06-04 00:00:00
5043,334,1029,2,2023-12-15 00:00:00
5044,2,401,1,2024-03-26 00:00:00
5045,375,702,1,2024-10-14 00:00:00
5046,293,203,3,2023-06-22 00:00:00
5047,837,1088,2,2023-01-10 00:00:00
5048,1005,350,1,2023-09-22 00:00:00
5049,553,553,2,2024-03-13 00:00:00
5050,318,620,2,2023-09-04 00:00:00
5051,381,253,1,2024-10-28 00:00:00
5052,14,959,1,2024-06-29 00:00:00
5053,504,274,1,2024-05-13 00:00:00
5054,231,443,2,2023-05-09 00:00:00
5055,130,770,3,2024-11-02 00:00:00
5056,838,1105,2,2024-08-23 00:00:00
5057,891,531,2,2024-08-27 00:00:00
5058,28,827,1,2023-11-23 00:00:00
5059,66,789,1,2024-02-08 00:00:00
5060,261,787,1,2024-09-20 00:00:00
5061,460,952,1,2024-08-28 00:00:00
5062,301,950,3,2024-11-05 00:00:00
5063,919,758,4,2024-09-02 00:00:00
5064,287,1062,1,2024-09-16 00:00:00
5065,1034,424,3,2023-12-25 00:00:00
5066,630,1090,2,2024-08-25 00:00:00
5067,270,773,2,2024-12-18 00:00:00
5068,592,739,2,2023-01-17 00:00:00
5069,844,520,1,2023-10-01 00:00:00
5070,862,694,1,2024-11-15 00:00:00
5071,133,585,1,2023-04-26 00:00:00
5072,972,759,1,2024-11-23 00:00:00
5073,513,851,2,2023-04-01 00:00:00
5074,313,512,1,2023-03-23 00:00:00
5075,576,1036,2,2023-11-20 00:00:00
5076,886,184,1,2023-04-24 00:00:00
5077,687,213,1,2023-02-27 00:00:00
5078,165,837,1,2023-06-03 00:00:00
5079,305,432,2,2024-02-08 00:00:00
5080,156,478,1,2024-09-19 00:00:00
5081,620,855,2,2023-09-23 00:00:00
5082,957,755,2,2023-11-11 00:00:00
5083,334,141,1,2024-12-15 00:00:00
5084,969,1035,1,2023-02-10 00:00:00
5085,511,870,1,2023-04-15 00:00:00
5086,1044,1059,1,2023-07-12 00:00:00
5087,282,897,2,2024-02-05 00:00:00
5088,797,205,2,2023-10-05 00:00:00
5089,1025,302,1,2023-12-20 00:00:00
5090,119,550,1,2024-08-02 00:00:00
5091,198,919,2,2024-12-09 00:00:00
5092,485,943,2,2023-09-13 00:00:00
5093,837,1073,3,2024-10-12 00:00:00
5094,1009,366,1,2024-10-22 00:00:00
5095,691,1010,1,2023-04-09 00:00:00
5096,1036,310,2,2024-08-10 00:00:00
5097,490,663,1,2023-10-09 00:00:00
5098,276,218,2,2024-02-07 00:00:00
5099,693,813,2,2023-04-19 00:00:00
5100,242,477,1,2024-11-30 00:00:00
5101,126,651,2,2023-07-18 00:00:00
5102,217,640,2,2023-10-30 00:00:00
5103,495,871,2,2023-11-23 00:00:00
5104,427,184,1,2023-06-03 00:00:00
5105,919,554,3,2024-07-05 00:00:00
5106,151,767,2,2024-10-06 00:00:00
5107,384,729,1,2024-02-09 00:00:00
5108,308,614,1,2024-04-06 00:00:00
5109,746,705,1,2023-05-12 00:00:00
5110,892,778,1,2023-03-25 00:00:00
5111,375,487,1,2024-02-03 00:00:00
5112,1032,1012,2,2024-09-19 00:00:00
5113,129,450,2,2023-04-19 00:00:00
5114,1015,396,1,2023-08-09 00:00:00
5115,669,358,3,2024-07-06 00:00:00
5116,517,181,1,2024-01-03 00:00:00
5117,86,1037,2,2023-05-27 00:00:00
5118,311,368,2,2023-04-22 00:00:00
5119,427,519,1,2024-09-06 00:00:00
5120,114,335,1,2024-07-11 00:00:00
5121,303,933,2,2024-05-08 00:00:00
5122,744,411,2,2024-05-19 00:00:00
5123,588,913,1,2024-04-19 00:00:00
5124,987,1075,1,2023-09-28 00:00:00
5125,345,1086,1,2024-02-25 00:00:00
5126,814,457,2,2024-12-07 00:00:00
5127,801,313,1,2024-01-02 00:00:00
5128,1025,674,1,2023-10-07 00:00:00
5129,361,149,1,2023-10-10 00:00:00
5130,1010,227,2,2023-02-09 00:00:00
5131,704,323,1,2023-07-08 00:00:00
5132,575,1021,1,2023-06-13 00:00:00
5133,688,379,1,2024-06-19 00:00:00
5134,781,508,1,2024-06-19 00:00:00
5135,585,605,2,2023-01-04 00:00:00
5136,589,394,1,2023-10-17 00:00:00
5137,489,896,1,2024-03-08 00:00:00
5138,971,377,1,2024-04-15 00:00:00
5139,494,538,1,2023-06-30 00:00:00
5140,19,207,1,2023-09-05 00:00:00
5141,397,758,2,2024-09-19 00:00:00
5142,1001,520,2,2023-10-06 00:00:00
5143,851,711,1,2024-08-03 00:00:00
5144,822,529,1,2023-09-11 00:00:00
5145,455,475,1,2023-06-30 00:00:00
5146,725,173,1,2024-11-11 00:00:00
5147,711,1049,2,2024-05-23 00:00:00
5148,143,1098,3,2024-11-30 00:00:00
5149,917,734,2,2024-07-19 00:00:00
5150,828,130,3,2023-11-22 00:00:00
5151,605,288,1,2023-12-23 00:00:00
5152,305,464,2,2024-10-11 00:00:00
5153,736,966,3,2024-11-10 00:00:00
5154,291,900,3,2024-01-26 00:00:00
5155,102,551,1,2024-09-06 00:00:00
5156,867,295,2,2023-03-26 00:00:00
5157,968,256,1,2023-11-13 00:00:00
5158,974,272,3,2023-07-31 00:00:00
5159,842,947,1,2024-05-29 00:00:00
5160,962,141,2,2024-01-19 00:00:00
5161,942,163,2,2024-11-21 00:00:00
5162,1027,123,1,2023-12-08 00:00:00
5163,85,460,2,2023-02-07 00:00:00
5164,328,175,1,2024-05-25 00:00:00
5165,816,660,2,2024-02-24 00:00:00
5166,454,772,1,2023-06-18 00:00:00
5167,629,1118,1,2023-12-09 00:00:00
5168,665,1119,1,2023-11-02 00:00:00
5169,12,925,2,2024-06-25 00:00:00
5170,304,218,1,2024-12-02 00:00:00
5171,975,712,1,2024-06-20 00:00:00
5172,783,480,3,2023-04-22 00:00:00
5173,43,1029,1,2024-02-15 00:00:00
5174,944,1020,2,2023-07-25 00:00:00
5175,343,779,2,2023-07-04 00:00:00
5176,498,390,1,2024-01-17 00:00:00
5177,364,540,2,2024-05-10 00:00:00
5178,891,768,1,2024-01-14 00:00:00
5179,427,1033,1,2023-02-16 00:00:00
5180,1005,107,3,2024-07-04 00:00:00
5181,21,296,1,2024-06-11 00:00:00
5182,407,521,2,2024-05-18 00:00:00
5183,619,668,1,2023-01-22 00:00:00
5184,1015,933,1,2023-08-01 00:00:00
5185,336,293,1,2023-11-06 00:00:00
5186,399,659,1,2024-10-22 00:00:00
5187,793,248,2,2023-09-29 00:00:00
5188,715,887,3,2024-07-24 00:00:00
5189,51,769,1,2023-07-21 00:00:00
5190,324,302,1,2023-02-01 00:00:00
5191,789,544,2,2024-03-18 00:00:00
5192,141,1014,2,2023-06-11 00:00:00
5193,470,1088,4,2023-09-11 00:00:00
5194,787,519,1,2024-06-04 00:00:00
5195,964,527,1,2024-10-12 00:00:00
5196,1008,1107,2,2024-04-24 00:00:00
5197,373,579,1,2023-01-10 00:00:00
5198,494,575,3,2024-12-26 00:00:00
5199,751,226,3,2024-05-19 00:00:00
5200,291,495,2,2024-07-13 00:00:00
5201,106,917,2,2024-03-11 00:00:00
5202,670,981,2,2023-04-21 00:00:00
5203,2,906,1,2023-06-02 00:00:00
5204,589,676,2,2024-09-26 00:00:00
5205,644,425,2,2023-04-12 00:00:00
5206,90,492,2,2023-07-10 00:00:00
5207,350,1030,1,2024-12-29 00:00:00
5208,909,788,3,2024-07-16 00:00:00
5209,159,728,1,2023-03-22 00:00:00
5210,959,540,1,2024-05-03 00:00:00
5211,312,304,2,2023-03-29 00:00:00
5212,445,586,1,2023-07-13 00:00:00
5213,298,933,1,2023-04-14 00:00:00
5214,952,131,3,2023-04-06 00:00:00
5215,36,488,4,2024-02-27 00:00:00
5216,559,725,1,2023-07-17 00:00:00
5217,891,977,1,2023-01-01 00:00:00
5218,141,534,1,2024-02-11 00:00:00
5219,887,937,1,2024-01-13 00:00:00
5220,726,1026,1,2023-06-16 00:00:00
5221,1050,476,4,2024-05-23 00:00:00
5222,521,444,2,2024-09-29 00:00:00
5223,10,543,2,2023-11-09 00:00:00
5224,984,679,1,2024-08-15 00:00:00
5225,378,175,3,2024-02-22 00:00:00
5226,682,657,3,2024-11-11 00:00:00
5227,584,872,3,2024-04-21 00:00:00
5228,152,766,3,2023-03-14 00:00:00
5229,720,255,1,2023-05-21 00:00:00
5230,859,530,1,2024-08-04 00:00:00
5231,50,1114,1,2023-09-19 00:00:00
5232,664,463,1,2023-12-06 00:00:00
5233,531,548,1,2023-11-04 00:00:00
5234,857,1087,1,2023-09-02 00:00:00
5235,146,334,2,2024-05-29 00:00:00
5236,915,663,2,2023-12-03 00:00:00
5237,993,918,1,2024-07-28 00:00:00
5238,242,362,2,2024-07-14 00:00:00
5239,581,927,3,2023-03-17 00:00:00
5240,687,225,4,2023-06-24 00:00:00
5241,483,1011,2,2023-04-19 00:00:00
5242,673,345,1,2023-07-02 00:00:00
5243,631,642,1,2023-07-11 00:00:00
5244,661,1038,1,2023-03-06 00:00:00
5245,662,585,1,2024-04-18 00:00:00
5246,805,222,2,2023-04-10 00:00:00
5247,419,225,3,2024-06-27 00:00:00
5248,988,649,2,2023-05-08 00:00:00
5249,650,270,1,2024-03-27 00:00:00
5250,969,224,1,2024-01-04 00:00:00
5251,590,969,2,2023-02-12 00:00:00
5252,509,135,2,2024-02-23 00:00:00
5253,441,187,1,2024-05-02 00:00:00
5254,921,746,1,2023-03-19 00:00:00
5255,770,808,1,2023-09-27 00:00:00
5256,263,886,2,2024-11-04 00:00:00
5257,637,1120,1,2024-12-01 00:00:00
5258,459,301,1,2024-12-28 00:00:00
5259,999,469,1,2023-11-11 00:00:00
5260,700,897,2,2023-06-17 00:00:00
5261,302,177,1,2023-12-05 00:00:00
5262,554,159,1,2023-07-12 00:00:00
5263,288,531,1,2024-03-28 00:00:00
5264,621,738,1,2023-10-10 00:00:00
5265,1006,600,2,2023-12-02 00:00:00
5266,36,1013,1,2024-01-25 00:00:00
5267,744,209,1,2024-06-08 00:00:00
5268,353,836,3,2023-08-28 00:00:00
5269,73,1108,1,2024-04-27 00:00:00
5270,648,378,2,2024-10-20 00:00:00
5271,425,168,2,2024-12-16 00:00:00
5272,999,169,3,2024-08-14 00:00:00
5273,708,265,3,2024-07-08 00:00:00
5274,561,589,1,2024-04-02 00:00:00
5275,828,405,2,2023-03-30 00:00:00
5276,956,1009,2,2024-10-21 00:00:00
5277,517,774,1,2023-04-05 00:00:00
5278,428,465,2,2024-03-27 00:00:00
5279,160,954,1,2024-03-03 00:00:00
5280,149,921,1,2023-05-31 00:00:00
5281,776,479,3,2024-05-28 00:00:00
5282,67,443,1,2024-01-11 00:00:00
5283,1014,1047,3,2023-01-22 00:00:00
5284,381,999,1,2023-11-09 00:00:00
5285,58,654,1,2024-06-02 00:00:00
5286,342,454,1,2023-07-25 00:00:00
5287,727,516,1,2024-01-10 00:00:00
5288,770,209,1,2024-03-26 00:00:00
5289,614,663,3,2024-09-17 00:00:00
5290,354,862,1,2024-08-17 00:00:00
5291,116,597,1,2023-06-28 00:00:00
5292,662,441,1,2023-07-29 00:00:00
5293,453,1042,1,2024-05-14 00:00:00
5294,287,483,1,2024-04-08 00:00:00
5295,1017,1104,2,2023-05-04 00:00:00
5296,311,633,1,2023-04-23 00:00:00
5297,208,400,1,2023-01-12 00:00:00
5298,618,239,1,2023-05-06 00:00:00
5299,446,459,2,2024-07-18 00:00:00
5300,670,936,2,2023-11-27 00:00:00
5301,633,599,2,2023-10-10 00:00:00
5302,55,485,1,2023-05-20 00:00:00
5303,912,704,2,2024-02-05 00:00:00
5304,1036,1059,2,2023-04-07 00:00:00
5305,657,380,3,2024-05-31 00:00:00
5306,980,737,3,2024-07-22 00:00:00
5307,515,583,1,2023-03-10 00:00:00
5308,237,1009,3,2023-04-28 00:00:00
5309,348,211,1,2023-02-28 00:00:00
5310,627,966,1,2023-02-02 00:00:00
5311,630,239,3,2023-11-14 00:00:00
5312,364,1096,1,2023-02-19 00:00:00
5313,321,535,1,2024-05-03 00:00:00
5314,286,609,2,2023-01-19 00:00:00
5315,149,373,1,2024-12-26 00:00:00
5316,406,199,1,2023-07-16 00:00:00
5317,978,864,1,2024-03-25 00:00:00
5318,456,950,1,2024-07-12 00:00:00
5319,800,204,4,2024-11-09 00:00:00
5320,1013,314,3,2024-03-27 00:00:00
5321,784,861,1,2023-10-16 00:00:00
5322,460,764,1,2023-05-21 00:00:00
5323,738,862,4,2023-03-25 00:00:00
5324,509,887,4,2024-11-24 00:00:00
5325,481,265,1,2024-01-26 00:00:00
5326,114,1099,1,2024-08-13 00:00:00
5327,749,953,2,2023-08-03 00:00:00
5328,361,620,1,2024-06-09 00:00:00
5329,341,384,1,2023-08-03 00:00:00
5330,770,617,1,2024-02-07 00:00:00
5331,761,757,1,2023-05-08 00:00:00
5332,969,713,2,2024-04-21 00:00:00
5333,449,264,1,2024-02-08 00:00:00
5334,835,986,1,2023-01-29 00:00:00
5335,311,759,1,2023-12-04 00:00:00
5336,262,164,1,2024-12-14 00:00:00
5337,406,191,2,2023-12-27 00:00:00
5338,143,217,1,2024-07-22 00:00:00
5339,342,966,2,2024-01-27 00:00:00
5340,244,367,2,2023-08-06 00:00:00
5341,490,922,1,2024-07-27 00:00:00
5342,12,785,2,2024-10-30 00:00:00
5343,561,659,2,2023-07-21 00:00:00
5344,42,240,1,2023-01-17 00:00:00
5345,678,346,2,2023-11-18 00:00:00
5346,594,761,1,2024-06-01 00:00:00
5347,134,858,1,2024-07-23 00:00:00
5348,1031,495,2,2023-11-21 00:00:00
5349,948,587,1,2024-02-16 00:00:00
5350,73,576,1,2023-11-14 00:00:00
5351,399,617,1,2024-11-11 00:00:00
5352,578,1077,1,2023-03-23 00:00:00
5353,859,284,1,2024-04-18 00:00:00
5354,130,120,2,2024-04-12 00:00:00
5355,931,1037,1,2024-02-29 00:00:00
5356,266,658,1,2024-11-19 00:00:00
5357,793,1118,1,2023-07-23 00:00:00
5358,253,624,1,2024-08-05 00:00:00
5359,822,682,2,2024-01-22 00:00:00
5360,164,629,2,2023-04-08 00:00:00
5361,95,983,2,2023-12-11 00:00:00
5362,833,247,2,2023-07-27 00:00:00
5363,336,766,1,2024-05-28 00:00:00
5364,822,404,1,2024-09-27 00:00:00
5365,238,720,1,2024-08-08 00:00:00
5366,381,848,1,2023-06-15 00:00:00
5367,899,920,1,2023-01-22 00:00:00
5368,483,964,1,2023-06-03 00:00:00
5369,902,682,2,2024-03-14 00:00:00
5370,1049,795,2,2023-10-22 00:00:00
5371,482,862,2,2023-08-07 00:00:00
5372,917,328,1,2024-10-30 00:00:00
5373,994,202,1,2024-05-09 00:00:00
5374,964,687,2,2023-08-18 00:00:00
5375,537,517,1,2023-01-20 00:00:00
5376,1036,1058,2,2024-07-06 00:00:00
5377,128,316,1,2023-05-28 00:00:00
5378,92,507,1,2023-04-18 00:00:00
5379,543,499,3,2024-02-07 00:00:00
5380,846,1023,4,2024-08-18 00:00:00
5381,989,815,1,2024-04-27 00:00:00
5382,447,804,3,2024-01-02 00:00:00
5383,390,861,1,2024-02-18 00:00:00
5384,672,599,2,2023-11-05 00:00:00
5385,43,854,2,2023-05-14 00:00:00
5386,254,565,1,2024-12-19 00:00:00
5387,663,791,1,2023-10-10 00:00:00
5388,467,1049,1,2023-03-14 00:00:00
5389,287,1074,3,2024-04-25 00:00:00
5390,1011,831,1,2023-12-18 00:00:00
5391,778,182,2,2024-07-13 00:00:00
5392,345,704,3,2023-11-22 00:00:00
5393,642,1047,1,2024-03-18 00:00:00
5394,382,787,3,2023-04-10 00:00:00
5395,690,851,1,2023-02-28 00:00:00
5396,457,872,1,2024-05-22 00:00:00
5397,983,1003,1,2023-09-15 00:00:00
5398,83,465,4,2024-02-17 00:00:00
5399,149,263,1,2024-03-27 00:00:00
5400,190,148,2,2023-03-06 00:00:00
5401,883,611,1,2024-08-17 00:00:00
5402,263,429,2,2023-06-03 00:00:00
5403,400,940,1,2023-09-23 00:00:00
5404,764,216,1,2023-03-20 00:00:00
5405,609,1041,1,2023-11-11 00:00:00
5406,785,949,2,2024-10-23 00:00:00
5407,101,437,2,2024-07-13 00:00:00
5408,820,981,3,2023-09-05 00:00:00
5409,820,837,1,2024-09-01 00:00:00
5410,420,964,1,2024-02-18 00:00:00
5411,124,940,2,2023-01-25 00:00:00
5412,422,247,1,2023-10-11 00:00:00
5413,768,675,2,2024-03-24 00:00:00
5414,483,906,1,2023-10-28 00:00:00
5415,519,423,1,2023-03-09 00:00:00
5416,155,543,3,2023-01-07 00:00:00
5417,92,937,2,2023-05-17 00:00:00
5418,982,113,1,2023-06-13 00:00:00
5419,455,1043,2,2023-03-24 00:00:00
5420,598,594,2,2024-10-11 00:00:00
5421,510,801,1,2024-02-24 00:00:00
5422,386,387,1,2023-03-14 00:00:00
5423,405,1115,1,2023-08-25 00:00:00
5424,246,820,1,2023-02-15 00:00:00
5425,742,214,1,2024-09-09 00:00:00
5426,661,580,1,2023-09-19 00:00:00
5427,650,122,3,2023-06-25 00:00:00
5428,901,449,1,2023-06-15 00:00:00
5429,65,826,1,2024-10-18 00:00:00
5430,1037,783,2,2024-01-05 00:00:00
5431,213,935,1,2023-02-23 00:00:00
5432,242,666,1,2024-11-20 00:00:00
5433,493,1006,2,2024-02-23 00:00:00
5434,338,910,1,2024-05-21 00:00:00
5435,173,420,3,2023-12-07 00:00:00
5436,672,226,1,2023-05-07 00:00:00
5437,164,377,2,2024-02-13 00:00:00
5438,465,1076,1,2024-01-02 00:00:00
5439,995,304,1,2023-09-28 00:00:00
5440,497,294,2,2024-10-05 00:00:00
5441,700,781,2,2024-08-27 00:00:00
5442,395,764,2,2024-01-14 00:00:00
5443,703,647,1,2023-03-14 00:00:00
5444,308,796,2,2023-09-05 00:00:00
5445,183,386,2,2023-02-12 00:00:00
5446,629,157,2,2024-01-12 00:00:00
5447,510,834,1,2023-02-10 00:00:00
5448,546,403,1,2023-06-19 00:00:00
5449,624,263,1,2023-07-31 00:00:00
5450,594,119,2,2024-05-07 00:00:00
5451,744,470,1,2024-11-10 00:00:00
5452,554,364,2,2023-02-08 00:00:00
5453,21,894,1,2024-01-04 00:00:00
5454,554,213,1,2023-05-31 00:00:00
5455,397,588,1,2023-04-21 00:00:00
5456,625,427,1,2024-04-24 00:00:00
5457,105,642,2,2024-03-11 00:00:00
5458,192,747,1,2023-02-16 00:00:00
5459,17,679,1,2024-07-28 00:00:00
5460,393,165,1,2024-01-01 00:00:00
5461,425,392,3,2023-03-10 00:00:00
5462,129,125,3,2023-10-26 00:00:00
5463,572,649,1,2023-10-23 00:00:00
5464,29,101,2,2023-07-22 00:00:00
5465,1034,1011,1,2023-03-02 00:00:00
5466,242,649,1,2023-11-10 00:00:00
5467,232,241,2,2023-06-10 00:00:00
5468,789,844,1,2023-11-27 00:00:00
5469,715,748,2,2024-06-11 00:00:00
5470,759,1001,1,2023-12-04 00:00:00
5471,802,288,2,2024-08-28 00:00:00
5472,776,228,2,2023-10-31 00:00:00
5473,726,301,2,2024-05-17 00:00:00
5474,200,227,1,2024-10-11 00:00:00
5475,945,357,1,2023-12-04 00:00:00
5476,79,776,2,2024-07-03 00:00:00
5477,956,647,2,2024-09-30 00:00:00
5478,856,294,1,2023-10-02 00:00:00
5479,467,803,1,2023-06-13 00:00:00
5480,581,204,3,2024-03-18 00:00:00
5481,940,635,1,2023-11-15 00:00:00
5482,449,365,2,2024-08-11 00:00:00
5483,87,902,2,2024-05-18 00:00:00
5484,101,1042,1,2024-11-16 00:00:00
5485,1032,1074,1,2024-01-22 00:00:00
5486,845,484,1,2024-08-25 00:00:00
5487,87,360,3,2024-11-21 00:00:00
5488,43,514,2,2024-05-08 00:00:00
5489,408,1091,2,2024-05-04 00:00:00
5490,664,458,2,2024-12-21 00:00:00
5491,1041,175,3,2023-03-14 00:00:00
5492,148,455,2,2024-05-23 00:00:00
5493,277,684,2,2024-01-25 00:00:00
5494,232,871,1,2024-09-10 00:00:00
5495,366,1010,1,2023-10-22 00:00:00
5496,436,288,2,2024-01-04 00:00:00
5497,399,1073,2,2024-11-24 00:00:00
5498,499,785,1,2024-07-02 00:00:00
5499,540,1092,3,2024-10-10 00:00:00
5500,563,390,1,2024-07-21 00:00:00
5501,442,145,4,2023-07-06 00:00:00
5502,773,673,1,2024-03-20 00:00:00
5503,350,183,1,2024-07-23 00:00:00
5504,520,223,1,2023-12-29 00:00:00
5505,138,458,2,2023-05-03 00:00:00
5506,992,628,3,2023-07-07 00:00:00
5507,368,166,2,2024-11-10 00:00:00
5508,360,1036,1,2024-02-24 00:00:00
5509,921,757,3,2024-09-17 00:00:00
5510,329,475,1,2023-09-09 00:00:00
5511,962,262,1,2024-09-10 00:00:00
5512,463,846,1,2024-07-02 00:00:00
5513,946,480,1,2023-12-01 00:00:00
5514,963,756,2,2023-04-02 00:00:00
5515,836,458,2,2024-06-13 00:00:00
5516,169,288,1,2023-03-04 00:00:00
5517,217,422,2,2024-10-23 00:00:00
5518,378,550,3,2024-05-26 00:00:00
5519,119,574,2,2023-05-19 00:00:00
5520,190,113,1,2024-11-28 00:00:00
5521,767,284,2,2023-07-04 00:00:00
5522,370,211,1,2023-07-24 00:00:00
5523,149,1027,1,2023-08-02 00:00:00
5524,652,608,1,2023-09-13 00:00:00
5525,770,390,1,2023-05-15 00:00:00
5526,374,395,3,2024-07-26 00:00:00
5527,781,551,3,2023-03-29 00:00:00
5528,160,1004,1,2023-07-26 00:00:00
5529,351,315,1,2023-05-09 00:00:00
5530,892,1074,3,2023-01-03 00:00:00
5531,523,732,1,2023-05-01 00:00:00
5532,522,994,2,2024-01-20 00:00:00
5533,783,667,1,2024-09-05 00:00:00
5534,273,127,1,2023-02-07 00:00:00
5535,936,730,1,2023-12-07 00:00:00
5536,183,833,3,2024-10-06 00:00:00
5537,488,331,2,2024-12-14 00:00:00
5538,846,665,1,2023-01-21 00:00:00
5539,124,907,1,2023-08-30 00:00:00
5540,985,421,1,2024-03-30 00:00:00
5541,790,1013,3,2024-09-12 00:00:00
5542,414,333,4,2023-10-30 00:00:00
5543,686,770,1,2024-08-18 00:00:00
5544,113,537,3,2024-08-17 00:00:00
5545,888,881,1,2023-03-10 00:00:00
5546,122,633,2,2023-05-09 00:00:00
5547,39,503,2,2023-07-15 00:00:00
5548,497,153,1,2023-05-20 00:00:00
5549,780,887,1,2024-03-19 00:00:00
5550,943,413,2,2023-10-10 00:00:00
5551,149,381,1,2023-11-08 00:00:00
5552,1022,826,1,2024-06-18 00:00:00
5553,661,131,1,2024-10-26 00:00:00
5554,302,437,4,2023-10-04 00:00:00
5555,238,283,1,2023-03-02 00:00:00
5556,647,123,3,2023-11-15 00:00:00
5557,663,644,3,2023-02-21 00:00:00
5558,236,546,1,2023-06-02 00:00:00
5559,203,174,1,2023-11-07 00:00:00
5560,256,110,1,2024-06-27 00:00:00
5561,598,584,2,2024-07-20 00:00:00
5562,662,556,1,2024-01-24 00:00:00
5563,235,666,2,2024-07-01 00:00:00
5564,534,664,2,2024-09-13 00:00:00
5565,860,760,2,2023-06-26 00:00:00
5566,770,260,1,2023-12-28 00:00:00
5567,541,982,2,2023-11-10 00:00:00
5568,213,114,1,2023-04-07 00:00:00
5569,463,278,1,2023-08-01 00:00:00
5570,436,512,2,2023-05-17 00:00:00
5571,283,978,1,2023-01-06 00:00:00
5572,88,1112,2,2023-04-19 00:00:00
5573,461,153,1,2024-06-30 00:00:00
5574,278,508,1,2023-02-08 00:00:00
5575,421,947,1,2024-10-23 00:00:00
5576,696,122,4,2024-02-29 00:00:00
5577,515,130,3,2024-09-21 00:00:00
5578,703,803,3,2023-09-18 00:00:00
5579,19,360,1,2024-03-01 00:00:00
5580,23,305,1,2023-03-28 00:00:00
5581,413,159,1,2024-04-09 00:00:00
5582,108,571,4,2023-03-17 00:00:00
5583,136,876,2,2024-04-15 00:00:00
5584,362,566,1,2024-02-18 00:00:00
5585,129,112,1,2024-12-26 00:00:00
5586,515,731,2,2024-04-01 00:00:00
5587,449,1027,1,2023-10-12 00:00:00
5588,874,1074,4,2023-08-27 00:00:00
5589,473,390,1,2024-11-07 00:00:00
5590,1034,950,1,2024-08-21 00:00:00
5591,302,860,1,2024-10-14 00:00:00
5592,231,454,2,2024-11-02 00:00:00
5593,923,739,2,2024-07-11 00:00:00
5594,937,175,4,2024-01-07 00:00:00
5595,112,973,1,2024-05-09 00:00:00
5596,1037,816,1,2024-09-15 00:00:00
5597,500,661,1,2023-02-14 00:00:00
5598,932,691,1,2024-02-05 00:00:00
5599,598,541,1,2023-09-04 00:00:00
5600,234,1091,1,2024-09-07 00:00:00
5601,602,341,1,2024-08-19 00:00:00
5602,314,1118,2,2024-03-25 00:00:00
5603,566,961,2,2024-04-29 00:00:00
5604,1036,254,1,2024-10-07 00:00:00
5605,209,886,2,2024-09-11 00:00:00
5606,1038,196,1,2023-01-18 00:00:00
5607,1044,826,1,2024-08-28 00:00:00
5608,587,394,1,2024-10-23 00:00:00
5609,1015,309,2,2023-10-16 00:00:00
5610,698,443,3,2024-02-18 00:00:00
5611,132,188,2,2024-12-21 00:00:00
5612,1044,918,2,2024-09-29 00:00:00
5613,536,876,1,2023-08-23 00:00:00
5614,1014,1037,2,2024-02-20 00:00:00
5615,227,490,2,2024-05-13 00:00:00
5616,822,425,1,2024-09-25 00:00:00
5617,871,1040,2,2024-10-11 00:00:00
5618,405,989,1,2023-04-25 00:00:00
5619,202,932,1,2024-11-04 00:00:00
5620,38,257,1,2024-12-13 00:00:00
5621,942,768,2,2023-08-22 00:00:00
5622,188,751,1,2024-06-23 00:00:00
5623,941,733,1,2023-01-11 00:00:00
5624,1044,677,2,2023-07-25 00:00:00
5625,273,719,1,2024-11-09 00:00:00
5626,583,759,1,2023-09-04 00:00:00
5627,516,237,3,2024-07-12 00:00:00
5628,526,1023,1,2023-05-07 00:00:00
5629,336,774,2,2023-05-27 00:00:00
5630,698,528,1,2023-04-28 00:00:00
5631,500,552,1,2024-01-17 00:00:00
5632,900,712,1,2024-02-16 00:00:00
5633,766,950,1,2024-10-25 00:00:00
5634,536,1011,1,2024-08-06 00:00:00
5635,162,919,1,2023-12-29 00:00:00
5636,594,241,2,2024-05-23 00:00:00
5637,159,183,2,2023-05-17 00:00:00
5638,60,277,2,2023-06-24 00:00:00
5639,915,298,1,2023-10-16 00:00:00
5640,211,724,2,2024-04-25 00:00:00
5641,406,668,1,2023-01-19 00:00:00
5642,664,1072,2,2023-07-14 00:00:00
5643,542,791,2,2023-11-26 00:00:00
5644,998,521,1,2023-06-24 00:00:00
5645,927,501,1,2024-03-24 00:00:00
5646,868,798,2,2023-12-20 00:00:00
5647,19,571,4,2024-05-13 00:00:00
5648,432,318,1,2023-05-21 00:00:00
5649,740,1025,1,2023-04-03 00:00:00
5650,183,1029,1,2023-08-27 00:00:00
5651,113,928,1,2023-07-24 00:00:00
5652,481,1087,1,2024-07-13 00:00:00
5653,831,829,2,2024-03-08 00:00:00
5654,763,732,3,2023-09-02 00:00:00
5655,476,1051,1,2023-11-13 00:00:00
5656,763,1006,2,2023-10-22 00:00:00
5657,971,275,2,2024-10-01 00:00:00
5658,1020,123,1,2023-10-09 00:00:00
5659,161,825,1,2023-01-17 00:00:00
5660,401,1017,1,2023-03-12 00:00:00
5661,198,335,1,2023-09-26 00:00:00
5662,660,113,3,2023-11-21 00:00:00
5663,399,201,1,2023-11-01 00:00:00
5664,78,1029,1,2024-03-26 00:00:00
5665,124,636,1,2023-01-07 00:00:00
5666,75,976,2,2023-11-10 00:00:00
5667,137,623,2,2023-04-13 00:00:00
5668,602,885,1,2023-07-12 00:00:00
5669,837,552,1,2024-07-27 00:00:00
5670,500,531,2,2024-06-12 00:00:00
5671,138,893,1,2023-06-20 00:00:00
5672,50,706,2,2024-06-20 00:00:00
5673,973,813,3,2023-09-08 00:00:00
5674,254,633,1,2024-01-22 00:00:00
5675,710,952,3,2023-07-26 00:00:00
5676,563,1079,1,2024-06-24 00:00:00
5677,757,823,1,2024-09-20 00:00:00
5678,547,752,2,2024-02-20 00:00:00
5679,922,393,1,2024-01-15 00:00:00
5680,581,910,1,2023-05-24 00:00:00
5681,49,1013,1,2023-01-25 00:00:00
5682,917,201,3,2024-10-29 00:00:00
5683,704,602,1,2023-03-14 00:00:00
5684,261,404,1,2024-09-23 00:00:00
5685,356,971,4,2023-04-03 00:00:00
5686,638,640,1,2024-05-19 00:00:00
5687,743,653,1,2024-08-20 00:00:00
5688,1010,455,1,2023-12-02 00:00:00
5689,931,403,2,2024-02-29 00:00:00
5690,641,596,2,2024-05-13 00:00:00
5691,792,758,1,2023-12-30 00:00:00
5692,612,868,1,2024-09-21 00:00:00
5693,809,1074,2,2023-07-18 00:00:00
5694,686,327,2,2024-12-18 00:00:00
5695,188,336,1,2024-02-17 00:00:00
5696,985,973,2,2023-12-05 00:00:00
5697,548,992,1,2024-10-20 00:00:00
5698,725,555,2,2024-03-04 00:00:00
5699,926,1101,4,2023-05-19 00:00:00
5700,876,113,1,2024-11-23 00:00:00
5701,618,310,2,2024-06-25 00:00:00
5702,414,841,2,2023-02-26 00:00:00
5703,903,497,1,2023-08-20 00:00:00
5704,163,200,2,2024-10-19 00:00:00
5705,270,131,1,2024-03-10 00:00:00
5706,632,998,1,2024-01-19 00:00:00
5707,906,628,2,2024-07-13 00:00:00
5708,205,749,3,2023-07-13 00:00:00
5709,582,429,3,2024-10-09 00:00:00
5710,841,266,3,2024-06-17 00:00:00
5711,596,559,2,2024-06-01 00:00:00
5712,250,922,3,2024-12-16 00:00:00
5713,875,1052,1,2023-07-04 00:00:00
5714,196,1082,1,2023-10-19 00:00:00
5715,690,1093,2,2023-12-01 00:00:00
5716,639,200,2,2023-04-26 00:00:00
5717,672,721,1,2023-02-18 00:00:00
5718,944,955,2,2024-11-15 00:00:00
5719,199,273,2,2023-03-23 00:00:00
5720,492,849,2,2023-11-29 00:00:00
5721,896,262,2,2024-07-10 00:00:00
5722,142,1005,3,2023-12-01 00:00:00
5723,165,828,2,2024-06-15 00:00:00
5724,314,876,1,2023-08-09 00:00:00
5725,21,363,2,2024-09-26 00:00:00
5726,984,904,2,2023-11-19 00:00:00
5727,305,374,3,2023-01-03 00:00:00
5728,371,103,1,2024-11-24 00:00:00
5729,853,128,1,2023-07-25 00:00:00
5730,384,426,2,2023-02-09 00:00:00
5731,445,1104,3,2023-02-28 00:00:00
5732,425,1040,1,2024-07-27 00:00:00
5733,161,249,1,2024-10-05 00:00:00
5734,629,640,3,2024-05-21 00:00:00
5735,895,588,1,2024-07-25 00:00:00
5736,490,922,2,2023-05-02 00:00:00
5737,1017,538,1,2024-04-23 00:00:00
5738,327,165,1,2024-09-10 00:00:00
5739,598,456,1,2023-04-06 00:00:00
5740,1015,633,2,2024-02-18 00:00:00
5741,289,352,2,2023-08-23 00:00:00
5742,593,335,1,2023-03-03 00:00:00
5743,573,327,1,2023-09-13 00:00:00
5744,28,625,1,2024-07-14 00:00:00
5745,954,413,1,2023-12-14 00:00:00
5746,43,149,3,2024-11-01 00:00:00
5747,423,218,1,2023-05-04 00:00:00
5748,177,154,3,2024-04-26 00:00:00
5749,529,750,1,2023-11-13 00:00:00
5750,966,665,3,2024-05-18 00:00:00
5751,198,144,1,2024-12-19 00:00:00
5752,610,915,1,2023-02-17 00:00:00
5753,842,153,3,2024-02-13 00:00:00
5754,853,686,1,2023-05-16 00:00:00
5755,22,658,1,2023-07-20 00:00:00
5756,842,625,1,2023-09-07 00:00:00
5757,98,777,4,2023-11-10 00:00:00
5758,435,202,1,2024-01-03 00:00:00
5759,637,892,1,2024-03-04 00:00:00
5760,588,870,1,2024-04-24 00:00:00
5761,344,1082,1,2023-11-10 00:00:00
5762,571,949,1,2024-05-14 00:00:00
5763,611,968,1,2024-12-21 00:00:00
5764,243,498,3,2023-12-21 00:00:00
5765,561,238,1,2024-04-29 00:00:00
5766,960,775,1,2023-07-30 00:00:00
5767,32,1021,3,2024-12-04 00:00:00
5768,391,487,3,2023-02-13 00:00:00
5769,277,211,2,2024-06-24 00:00:00
5770,532,714,1,2024-07-24 00:00:00
5771,383,117,1,2024-08-05 00:00:00
5772,884,880,1,2023-04-02 00:00:00
5773,214,282,1,2023-09-22 00:00:00
5774,376,984,2,2023-08-08 00:00:00
5775,744,636,2,2024-03-17 00:00:00
5776,213,641,2,2024-02-05 00:00:00
5777,79,271,2,2024-02-04 00:00:00
5778,628,509,1,2024-12-27 00:00:00
5779,604,840,1,2024-07-29 00:00:00
5780,782,478,1,2024-05-04 00:00:00
5781,1001,288,2,2024-04-29 00:00:00
5782,680,958,1,2024-04-14 00:00:00
5783,58,330,1,2024-07-27 00:00:00
5784,1050,933,3,2024-11-12 00:00:00
5785,881,952,2,2024-03-20 00:00:00
5786,447,219,1,2023-09-26 00:00:00
5787,66,256,1,2023-09-24 00:00:00
5788,1012,884,1,2023-02-23 00:00:00
5789,227,787,1,2024-06-11 00:00:00
5790,774,565,1,2024-06-03 00:00:00
5791,679,204,2,2024-09-07 00:00:00
5792,601,704,3,2023-02-28 00:00:00
5793,379,798,2,2023-02-09 00:00:00
5794,709,1072,2,2023-08-25 00:00:00
5795,307,895,1,2024-01-21 00:00:00
5796,779,602,1,2024-08-28 00:00:00
5797,504,793,1,2024-12-16 00:00:00
5798,268,782,1,2024-10-11 00:00:00
5799,8,799,1,2023-10-27 00:00:00
5800,508,275,1,2024-01-30 00:00:00
5801,476,834,2,2023-07-26 00:00:00
5802,164,845,2,2023-12-02 00:00:00
5803,485,774,2,2024-08-15 00:00:00
5804,567,521,1,2024-12-30 00:00:00
5805,905,234,2,2024-05-28 00:00:00
5806,559,491,2,2023-06-27 00:00:00
5807,238,1092,1,2024-01-31 00:00:00
5808,554,836,1,2024-01-06 00:00:00
5809,828,601,2,2024-10-19 00:00:00
5810,468,765,3,2023-11-14 00:00:00
5811,386,133,1,2024-01-04 00:00:00
5812,775,155,1,2024-01-19 00:00:00
5813,848,1054,1,2023-03-03 00:00:00
5814,387,619,1,2024-05-19 00:00:00
5815,877,856,1,2023-08-27 00:00:00
5816,259,925,1,2023-07-14 00:00:00
5817,283,738,1,2024-11-08 00:00:00
5818,40,112,3,2023-08-10 00:00:00
5819,486,628,2,2023-03-02 00:00:00
5820,929,820,3,2023-05-09 00:00:00
5821,220,655,1,2024-11-15 00:00:00
5822,1015,473,1,2023-06-05 00:00:00
5823,1024,584,1,2024-01-13 00:00:00
5824,613,1073,2,2024-09-13 00:00:00
5825,928,747,1,2024-08-08 00:00:00
5826,688,328,2,2024-03-12 00:00:00
5827,613,723,2,2023-07-26 00:00:00
5828,260,407,3,2024-01-23 00:00:00
5829,990,557,1,2024-04-24 00:00:00
5830,966,260,3,2023-12-06 00:00:00
5831,366,431,3,2023-12-06 00:00:00
5832,544,876,1,2023-07-23 00:00:00
5833,649,325,1,2023-06-10 00:00:00
5834,814,1083,2,2024-06-23 00:00:00
5835,1040,829,3,2024-01-27 00:00:00
5836,575,604,1,2024-11-07 00:00:00
5837,1013,556,1,2024-07-28 00:00:00
5838,670,145,2,2024-06-17 00:00:00
5839,269,314,2,2023-03-11 00:00:00
5840,924,159,3,2024-02-09 00:00:00
5841,247,744,3,2024-08-30 00:00:00
5842,131,716,4,2024-11-05 00:00:00
5843,353,295,2,2024-08-13 00:00:00
5844,196,1025,2,2024-05-31 00:00:00
5845,930,589,1,2023-04-30 00:00:00
5846,1022,257,2,2024-11-20 00:00:00
5847,645,710,2,2024-11-18 00:00:00
5848,227,326,2,2023-08-05 00:00:00
5849,701,512,1,2023-02-25 00:00:00
5850,265,305,1,2024-01-01 00:00:00
5851,646,179,1,2024-11-29 00:00:00
5852,211,224,2,2024-05-18 00:00:00
5853,943,571,1,2024-03-30 00:00:00
5854,457,1040,1,2023-04-14 00:00:00
5855,725,318,1,2023-03-18 00:00:00
5856,982,616,1,2023-08-18 00:00:00
5857,588,702,1,2023-09-15 00:00:00
5858,476,204,1,2023-09-21 00:00:00
5859,986,493,2,2023-11-27 00:00:00
5860,156,731,2,2023-07-01 00:00:00
5861,190,745,2,2024-07-03 00:00:00
5862,981,924,3,2024-11-18 00:00:00
5863,546,708,1,2023-01-27 00:00:00
5864,41,1080,2,2023-10-03 00:00:00
5865,307,534,1,2024-10-13 00:00:00
5866,943,431,1,2023-10-26 00:00:00
5867,338,243,1,2023-04-01 00:00:00
5868,953,900,2,2024-04-24 00:00:00
5869,279,640,2,2024-07-26 00:00:00
5870,896,378,2,2024-04-02 00:00:00
5871,273,333,4,2024-03-26 00:00:00
5872,837,629,1,2023-12-31 00:00:00
5873,620,671,1,2024-11-05 00:00:00
5874,862,190,2,2023-12-17 00:00:00
5875,931,592,1,2024-10-16 00:00:00
5876,289,299,2,2024-02-04 00:00:00
5877,724,462,4,2023-09-10 00:00:00
5878,893,541,1,2024-04-03 00:00:00
5879,272,126,2,2024-11-29 00:00:00
5880,483,125,1,2024-05-13 00:00:00
5881,936,494,3,2024-05-22 00:00:00
5882,248,607,1,2023-10-31 00:00:00
5883,156,401,2,2024-05-15 00:00:00
5884,454,439,2,2024-08-20 00:00:00
5885,201,367,2,2023-06-15 00:00:00
5886,124,561,2,2024-02-19 00:00:00
5887,1,793,3,2024-04-06 00:00:00
5888,968,556,2,2023-04-24 00:00:00
5889,855,460,2,2024-03-08 00:00:00
5890,640,168,1,2023-12-22 00:00:00
5891,191,1107,2,2024-11-25 00:00:00
5892,516,963,2,2023-07-26 00:00:00
5893,442,512,2,2023-08-23 00:00:00
5894,143,1071,1,2024-03-17 00:00:00
5895,533,591,2,2023-12-21 00:00:00
5896,227,933,2,2024-05-29 00:00:00
5897,949,149,4,2023-07-27 00:00:00
5898,460,787,1,2024-12-09 00:00:00
5899,551,664,2,2023-05-05 00:00:00
5900,393,202,2,2023-05-18 00:00:00
5901,845,316,1,2023-12-05 00:00:00
5902,210,538,3,2024-06-20 00:00:00
5903,646,800,3,2023-03-09 00:00:00
5904,219,669,2,2024-07-26 00:00:00
5905,407,659,1,2024-06-24 00:00:00
5906,888,259,1,2024-01-18 00:00:00
5907,558,589,2,2023-01-19 00:00:00
5908,550,786,1,2024-11-13 00:00:00
5909,142,342,3,2024-03-25 00:00:00
5910,612,894,3,2023-03-15 00:00:00
5911,501,853,3,2024-07-26 00:00:00
5912,840,982,2,2024-10-26 00:00:00
5913,702,105,1,2023-10-03 00:00:00
5914,596,696,1,2023-02-17 00:00:00
5915,281,920,2,2023-07-30 00:00:00
5916,424,461,1,2024-10-12 00:00:00
5917,856,559,2,2024-09-13 00:00:00
5918,270,348,1,2024-11-25 00:00:00
5919,154,666,1,2024-06-23 00:00:00
5920,614,773,1,2024-12-09 00:00:00
5921,662,1046,1,2023-07-10 00:00:00
5922,83,522,1,2023-11-11 00:00:00
5923,947,1023,1,2024-07-16 00:00:00
5924,899,838,2,2024-10-22 00:00:00
5925,284,115,4,2024-07-15 00:00:00
5926,980,836,2,2023-04-23 00:00:00
5927,173,673,4,2023-06-19 00:00:00
5928,763,222,1,2024-04-12 00:00:00
5929,633,377,4,2024-11-08 00:00:00
5930,787,658,2,2023-01-14 00:00:00
5931,943,553,2,2024-12-15 00:00:00
5932,1012,490,1,2023-10-15 00:00:00
5933,398,394,1,2023-07-08 00:00:00
5934,934,674,2,2023-06-04 00:00:00
5935,676,698,2,2024-07-20 00:00:00
5936,936,546,2,2024-11-24 00:00:00
5937,465,310,3,2024-12-22 00:00:00
5938,286,690,2,2024-04-15 00:00:00
5939,265,814,1,2023-03-16 00:00:00
5940,320,402,1,2023-10-04 00:00:00
5941,673,1009,1,2024-10-06 00:00:00
5942,820,323,1,2023-12-09 00:00:00
5943,89,834,3,2024-02-29 00:00:00
5944,821,103,2,2024-07-24 00:00:00
5945,1001,1090,3,2024-05-25 00:00:00
5946,334,618,2,2023-07-01 00:00:00
5947,222,193,3,2024-04-02 00:00:00
5948,41,620,2,2023-03-05 00:00:00
5949,68,528,3,2023-09-17 00:00:00
5950,988,593,1,2023-07-12 00:00:00
5951,514,335,4,2024-10-16 00:00:00
5952,695,720,2,2024-09-07 00:00:00
5953,1040,261,2,2024-02-10 00:00:00
5954,477,821,3,2024-12-26 00:00:00
5955,881,852,1,2024-12-21 00:00:00
5956,432,431,2,2023-04-03 00:00:00
5957,268,433,2,2024-03-05 00:00:00
5958,779,150,2,2024-10-15 00:00:00
5959,494,623,1,2024-03-09 00:00:00
5960,661,963,2,2024-02-08 00:00:00
5961,1013,768,1,2024-03-09 00:00:00
5962,977,592,1,2023-04-22 00:00:00
5963,482,682,1,2024-01-10 00:00:00
5964,728,781,1,2023-02-28 00:00:00
5965,480,372,3,2023-02-12 00:00:00
5966,1032,680,1,2023-07-26 00:00:00
5967,343,967,1,2023-10-23 00:00:00
5968,332,352,3,2023-04-28 00:00:00
5969,438,660,3,2024-06-15 00:00:00
5970,174,796,1,2023-08-10 00:00:00
5971,559,932,1,2023-06-15 00:00:00
5972,527,799,1,2024-10-04 00:00:00
5973,659,190,1,2023-06-05 00:00:00
5974,26,546,1,2023-07-03 00:00:00
5975,820,1117,1,2023-03-31 00:00:00
5976,605,432,1,2023-04-04 00:00:00
5977,406,239,2,2023-01-13 00:00:00
5978,232,457,2,2024-03-13 00:00:00
5979,533,701,2,2024-06-21 00:00:00
5980,505,374,2,2024-08-09 00:00:00
5981,179,119,1,2023-05-30 00:00:00
5982,132,1083,2,2024-10-21 00:00:00
5983,348,411,1,2023-01-08 00:00:00
5984,540,970,2,2023-01-29 00:00:00
5985,772,986,4,2023-10-23 00:00:00
5986,76,1078,1,2024-12-21 00:00:00
5987,579,254,1,2024-10-01 00:00:00
5988,854,490,2,2023-12-06 00:00:00
5989,194,360,2,2024-09-19 00:00:00
5990,347,720,1,2024-03-14 00:00:00
5991,951,983,1,2023-05-24 00:00:00
5992,214,897,1,2024-06-02 00:00:00
5993,573,671,1,2023-02-14 00:00:00
5994,780,225,2,2023-08-27 00:00:00
5995,262,454,1,2023-06-04 00:00:00
5996,730,373,2,2023-06-30 00:00:00
5997,283,719,1,2023-08-03 00:00:00
5998,362,911,2,2023-03-29 00:00:00
5999,441,345,1,2023-09-13 00:00:00
6000,93,948,2,2024-05-25 00:00:00
6001,753,550,1,2023-03-14 00:00:00
6002,867,1030,3,2023-06-28 00:00:00
6003,142,347,1,2023-07-31 00:00:00
6004,749,620,2,2023-08-22 00:00:00
6005,653,241,3,2024-04-09 00:00:00
6006,701,462,1,2023-08-11 00:00:00
6007,998,108,3,2024-09-22 00:00:00
6008,49,578,2,2023-09-21 00:00:00
6009,881,452,2,2023-07-26 00:00:00
6010,555,1096,2,2024-08-29 00:00:00
6011,404,595,3,2024-01-01 00:00:00
6012,892,706,2,2023-10-03 00:00:00
6013,865,933,2,2024-01-15 00:00:00
6014,602,527,2,2023-11-05 00:00:00
6015,341,139,1,2024-09-22 00:00:00
6016,704,693,1,2023-09-25 00:00:00
6017,318,287,4,2023-03-05 00:00:00
6018,618,696,3,2023-12-16 00:00:00
6019,382,700,3,2024-05-08 00:00:00
6020,233,854,1,2024-06-06 00:00:00
6021,817,954,1,2023-04-08 00:00:00
6022,553,193,3,2023-03-12 00:00:00
6023,856,186,1,2023-12-30 00:00:00
6024,819,144,1,2024-07-23 00:00:00
6025,183,237,1,2023-10-03 00:00:00
6026,397,521,3,2023-02-19 00:00:00
6027,779,174,2,2023-12-24 00:00:00
6028,907,648,1,2024-12-28 00:00:00
6029,127,713,2,2024-07-17 00:00:00
6030,1,1088,1,2024-04-29 00:00:00
