payment_id,order_id,payment_mode,amount,payment_status,payment_date
9001,5001,UPI,1598,Success,
9002,5002,Card,2999,Success,
9003,5003,UPI,1499,Success,
9004,5004,NetBanking,1497,Success,
9005,5005,Card,1999,Success,
9006,5006,UPI,1998,Success,
9007,5007,UPI,2499,Success,
9008,5008,Card,1299,Success,
9009,5009,UPI,1596,Success,
9010,5010,NetBanking,1398,Success,
9011,5011,Card,2599,Success,
9012,5012,UPI,798,Success,
9013,5013,Card,1299,Success,
9014,5014,UPI,2397,Success,
9015,5015,Card,1199,Success,
9016,5531,NetBanking,9685,Success,2024-03-30
9017,5410,UPI,4357,Success,2023-08-20
9018,5818,Card,8711,Success,2023-10-16
9019,5493,UPI,2349,Success,2023-08-01
9020,5012,UPI,9844,Success,2023-09-15
9021,5195,Card,9947,Success,2024-06-13
9022,5490,Card,6913,Success,2024-11-17
9023,5795,Card,4407,Success,2023-08-17
9024,5881,UPI,7341,Success,2023-08-14
9025,5182,Card,8852,Success,2024-08-18
9026,5962,UPI,9278,Success,2024-03-10
9027,5656,Card,4136,Success,2024-02-06
9028,5694,Card,9507,Success,2024-09-13
9029,5030,UPI,1275,Success,2023-03-29
9030,5778,Card,4076,Success,2024-08-06
9031,5444,Card,4815,Success,2024-06-25
9032,5298,UPI,7465,Success,2024-11-14
9033,5808,Card,6579,Success,2023-11-05
9034,5845,UPI,9318,Success,2023-12-09
9035,6016,NetBanking,4852,Success,2024-03-11
9036,5554,UPI,6992,Success,2023-06-26
9037,5303,UPI,9447,Success,2023-05-19
9038,5421,UPI,7656,Success,2023-07-13
9039,5185,NetBanking,4874,Success,2023-07-05
9040,5468,Card,741,Success,2023-08-06
9041,5754,Card,2361,Success,2023-06-13
9042,5363,NetBanking,2451,Success,2023-06-10
9043,5336,Card,9444,Success,2024-06-08
9044,5162,NetBanking,4769,Success,2024-08-23
9045,5012,UPI,2944,Success,2023-02-11
9046,5588,NetBanking,6241,Success,2023-07-29
9047,5201,Card,4875,Success,2023-10-02
9048,5522,Card,1760,Success,2023-10-06
9049,5505,UPI,1364,Success,2023-09-08
9050,5788,Card,5619,Success,2023-11-06
9051,5060,Card,2922,Success,2024-12-20
9052,5578,Card,670,Success,2023-05-20
9053,5321,Card,9808,Success,2024-06-29
9054,5923,UPI,1668,Success,2024-06-13
9055,5569,UPI,8125,Success,2023-02-26
9056,5527,Card,1008,Success,2023-04-22
9057,5524,Card,8563,Success,2023-01-05
9058,5613,UPI,6919,Success,2024-02-14
9059,5125,Card,5273,Success,2024-02-18
9060,5871,UPI,8212,Success,2023-07-01
9061,5280,UPI,1845,Success,2023-01-13
9062,5917,UPI,8449,Success,2023-12-05
9063,5622,Card,1329,Success,2023-09-16
9064,5846,UPI,1553,Success,2023-03-31
9065,5674,NetBanking,967,Success,2024-09-07
9066,5314,Card,4095,Success,2024-11-28
9067,5332,UPI,9074,Success,2023-09-07
9068,5036,Card,3654,Success,2023-09-12
9069,5206,UPI,7529,Success,2024-08-10
9070,5639,UPI,1990,Success,2023-04-18
9071,5848,UPI,9869,Success,2024-10-29
9072,5440,UPI,1085,Success,2024-08-16
9073,5729,UPI,7934,Success,2024-08-11
9074,5941,UPI,4106,Success,2024-04-29
9075,5164,UPI,4692,Success,2023-09-15
9076,5148,UPI,9930,Success,2024-09-30
9077,5294,Card,2273,Success,2023-10-09
9078,5195,Card,512,Success,2023-03-29
9079,5663,NetBanking,6469,Success,2023-07-23
9080,5480,UPI,5517,Success,2023-01-16
9081,5123,UPI,1010,Success,2023-05-31
9082,5699,NetBanking,7041,Success,2023-09-11
9083,5965,Card,2232,Success,2023-07-07
9084,5661,Card,9899,Success,2023-11-25
9085,5710,Card,7329,Success,2024-06-27
9086,5396,UPI,2905,Success,2024-02-01
9087,5912,UPI,8988,Success,2024-05-31
9088,6005,Card,2347,Success,2024-04-03
9089,5317,UPI,815,Success,2023-11-26
9090,5681,Card,1147,Success,2023-06-18
9091,5495,UPI,5877,Success,2024-11-23
9092,5556,UPI,4851,Success,2024-01-01
9093,5610,Card,8066,Success,2023-06-27
9094,5109,UPI,2213,Success,2024-10-16
9095,5372,Card,3897,Success,2023-12-28
9096,5855,NetBanking,690,Success,2024-09-30
9097,5616,Card,4550,Success,2023-02-09
9098,5768,Card,2628,Success,2024-02-20
9099,5206,Card,5187,Success,2023-12-21
9100,5847,UPI,8933,Success,2023-09-12
9101,5043,UPI,9679,Success,2023-05-23
9102,5865,Card,5120,Success,2024-12-10
9103,5785,UPI,3126,Success,2024-07-30
9104,5476,UPI,9744,Success,2023-01-11
9105,5083,Card,7482,Success,2024-09-11
9106,5190,NetBanking,4576,Success,2023-01-26
9107,5800,NetBanking,9690,Success,2024-02-25
9108,5936,Card,5068,Success,2024-10-24
9109,5251,Card,7186,Success,2023-08-09
9110,5291,Card,7062,Success,2024-05-10
9111,5326,Card,4623,Success,2023-08-25
9112,5837,UPI,7070,Success,2023-08-25
9113,5508,Card,8359,Success,2023-08-07
9114,5731,UPI,2273,Success,2024-05-01
9115,5072,UPI,6370,Success,2024-04-05
9116,5641,UPI,901,Success,2024-10-24
9117,5940,UPI,8313,Success,2024-09-26
9118,5608,UPI,7025,Success,2023-05-24
9119,5566,UPI,8067,Success,2023-07-08
9120,5054,UPI,4464,Success,2023-09-12
9121,5528,UPI,8168,Success,2023-03-09
9122,5611,Card,8346,Success,2024-09-07
9123,5193,UPI,7976,Success,2023-12-02
9124,5058,UPI,8758,Success,2024-11-01
9125,5129,NetBanking,8919,Success,2024-02-13
9126,5706,Card,5086,Success,2023-10-27
9127,5852,UPI,4135,Success,2024-08-24
9128,5008,UPI,4819,Success,2023-12-23
9129,5029,Card,5391,Success,2023-09-13
9130,5947,Card,7075,Success,2023-12-19
9131,5131,Card,8056,Success,2024-06-04
9132,5188,UPI,5601,Success,2024-06-07
9133,5709,UPI,3222,Success,2024-11-24
9134,5212,Card,5938,Success,2023-10-11
9135,5276,UPI,6184,Success,2023-11-08
9136,5243,UPI,1970,Success,2023-04-09
9137,5987,Card,9189,Success,2023-07-16
9138,5685,UPI,3415,Success,2024-04-26
9139,5171,UPI,6894,Success,2023-08-14
9140,5653,NetBanking,3176,Success,2024-09-06
9141,5188,UPI,3937,Success,2024-09-09
9142,5052,Card,952,Success,2023-12-31
9143,5111,UPI,1592,Success,2024-01-03
9144,5877,NetBanking,6989,Success,2024-07-23
9145,5211,UPI,877,Success,2024-08-12
9146,5858,UPI,305,Success,2023-03-16
9147,5627,Card,4953,Success,2023-02-11
9148,5299,UPI,2146,Success,2024-02-26
9149,5924,Card,5744,Success,2023-06-30
9150,5137,Card,1295,Success,2024-06-28
9151,5440,UPI,7185,Success,2023-03-12
9152,5211,Card,1982,Success,2024-07-21
9153,5752,UPI,4741,Success,2023-04-15
9154,5435,Card,3457,Success,2023-07-19
9155,5780,UPI,6413,Success,2023-04-11
9156,5439,Card,5069,Success,2023-11-03
9157,5666,UPI,1761,Success,2024-08-08
9158,5411,UPI,4206,Success,2024-11-13
9159,5806,UPI,9514,Success,2024-01-12
9160,5610,UPI,4181,Success,2024-10-16
9161,5427,Card,9693,Success,2024-11-08
9162,5902,UPI,5882,Success,2024-02-03
9163,5942,Card,5982,Success,2023-08-09
9164,5742,UPI,1143,Success,2024-08-17
9165,5328,Card,4750,Success,2023-07-01
9166,5052,UPI,9337,Success,2023-11-03
9167,5376,Card,800,Success,2024-06-05
9168,5263,UPI,6576,Success,2024-01-31
9169,5267,Card,9809,Success,2023-01-04
9170,5359,UPI,1724,Success,2023-10-08
9171,5652,UPI,3966,Success,2023-08-03
9172,5046,UPI,450,Success,2024-09-01
9173,5600,UPI,9936,Success,2024-02-24
9174,5720,UPI,278,Success,2023-04-11
9175,5601,NetBanking,3323,Success,2024-06-04
9176,5381,UPI,9289,Success,2024-07-26
9177,5118,Card,7264,Success,2023-11-05
9178,5116,UPI,8617,Success,2024-10-19
9179,5260,UPI,1409,Success,2024-05-24
9180,5305,Card,5353,Success,2023-03-04
9181,5007,Card,5098,Success,2024-09-24
9182,5366,Card,2378,Success,2023-08-14
9183,5523,Card,7810,Success,2023-04-15
9184,5429,Card,9095,Success,2024-02-29
9185,5791,UPI,2744,Success,2023-09-12
9186,5747,NetBanking,5722,Success,2024-03-04
9187,5367,UPI,2570,Success,2024-03-09
9188,5313,Card,3481,Success,2023-07-26
9189,5538,UPI,4910,Success,2023-01-28
9190,5921,Card,528,Success,2024-11-12
9191,5865,UPI,5779,Success,2023-12-02
9192,5782,Card,4428,Success,2024-08-10
9193,5334,NetBanking,6994,Success,2024-09-19
9194,5798,NetBanking,320,Success,2023-03-10
9195,5348,UPI,6949,Success,2024-05-27
9196,5273,Card,1164,Success,2023-06-16
9197,5963,UPI,4424,Success,2024-12-30
9198,5720,NetBanking,3875,Success,2024-01-03
9199,5500,Card,5894,Success,2023-09-08
9200,5685,Card,2276,Success,2024-11-16
9201,5079,Card,7065,Success,2023-06-19
9202,5622,NetBanking,5843,Success,2023-03-31
9203,5947,Card,8724,Success,2024-07-14
9204,5358,UPI,5449,Success,2024-03-21
9205,5618,NetBanking,1516,Success,2023-10-21
9206,5507,NetBanking,1396,Success,2023-05-30
9207,5576,Card,3370,Success,2023-05-12
9208,5244,UPI,9821,Success,2024-03-08
9209,5506,UPI,555,Success,2023-02-28
9210,5422,NetBanking,9918,Success,2023-07-18
9211,5217,UPI,228,Success,2023-08-03
9212,6009,UPI,1213,Success,2024-07-14
9213,5330,Card,9219,Success,2024-04-16
9214,5650,Card,2224,Success,2023-09-04
9215,5391,UPI,8690,Success,2024-01-17
9216,5381,Card,6039,Success,2023-08-27
9217,5742,NetBanking,5991,Success,2024-01-02
9218,5820,Card,954,Success,2023-06-17
9219,5673,Card,9161,Success,2024-07-13
9220,5513,Card,3935,Success,2023-02-20
9221,5949,Card,1438,Success,2024-09-01
9222,5930,UPI,2106,Success,2024-12-28
9223,5913,UPI,7599,Success,2024-11-19
9224,5644,Card,8161,Success,2024-01-15
9225,5427,Card,9956,Success,2024-04-18
9226,5502,Card,9610,Success,2023-03-21
9227,5730,NetBanking,4801,Success,2024-11-27
9228,5071,Card,9749,Success,2024-01-02
9229,5478,Card,1660,Success,2024-04-05
9230,5457,Card,7869,Success,2024-06-22
9231,5189,UPI,1616,Success,2024-03-27
9232,5291,Card,7966,Success,2024-04-08
9233,5920,UPI,1628,Success,2024-04-22
9234,5292,UPI,4578,Success,2024-02-24
9235,5756,UPI,7729,Success,2024-12-07
9236,5377,Card,4674,Success,2023-08-02
9237,5508,UPI,3271,Success,2024-01-04
9238,5528,Card,755,Success,2023-04-24
9239,5559,UPI,8747,Success,2024-05-17
9240,5260,Card,1763,Success,2024-09-27
9241,5421,Card,1240,Success,2024-08-10
9242,5304,UPI,2886,Success,2023-11-07
9243,5942,UPI,2753,Success,2024-04-13
9244,5542,UPI,1979,Success,2024-12-08
9245,5108,Card,275,Success,2023-02-13
9246,5268,Card,4526,Success,2024-02-19
9247,5222,Card,6035,Success,2024-11-28
9248,5693,UPI,5257,Success,2023-09-03
9249,5255,UPI,2549,Success,2023-03-25
9250,5253,Card,2973,Success,2023-07-26
9251,5257,Card,2462,Success,2023-05-31
9252,5383,Card,3429,Success,2024-10-29
9253,5442,Card,592,Success,2024-06-11
9254,5599,UPI,1308,Success,2023-06-14
9255,5390,Card,4562,Success,2023-05-25
9256,5582,UPI,5388,Success,2023-02-06
9257,5598,UPI,9002,Success,2023-11-29
9258,5019,Card,5257,Success,2024-02-07
9259,5607,UPI,4198,Success,2024-02-18
9260,5033,NetBanking,9064,Success,2023-02-14
9261,5862,Card,6766,Success,2024-02-06
9262,5155,UPI,3877,Success,2023-07-25
9263,5905,NetBanking,5996,Success,2023-03-03
9264,5405,NetBanking,6563,Success,2024-02-24
9265,5844,UPI,8323,Success,2024-04-12
9266,5747,Card,8422,Success,2023-01-19
9267,5271,Card,7890,Success,2023-12-31
9268,5770,UPI,1600,Success,2023-10-27
9269,5172,NetBanking,4271,Success,2023-01-07
9270,5274,UPI,9008,Success,2024-03-03
9271,5259,UPI,2986,Success,2023-04-27
9272,5422,UPI,7369,Success,2024-08-02
9273,5364,NetBanking,1070,Success,2024-05-21
9274,5378,UPI,4396,Success,2024-06-29
9275,5580,UPI,9804,Success,2024-12-06
9276,5891,Card,2939,Success,2023-11-21
9277,5722,UPI,1140,Success,2023-02-24
9278,5881,UPI,540,Success,2023-02-11
9279,5605,UPI,7622,Success,2023-10-24
9280,5022,Card,4333,Success,2023-08-19
9281,5383,Card,859,Success,2024-03-28
9282,5134,UPI,9952,Success,2024-01-29
9283,5503,Card,3657,Success,2024-06-05
9284,5144,UPI,3175,Success,2023-12-24
9285,5224,UPI,9441,Success,2024-03-19
9286,5220,Card,653,Success,2023-05-08
9287,5179,UPI,8384,Success,2024-11-21
9288,5433,UPI,5642,Success,2024-02-09
9289,5265,UPI,1018,Success,2024-01-27
9290,5954,Card,5068,Success,2023-07-12
9291,5429,Card,212,Success,2024-08-26
9292,5416,Card,7927,Success,2023-03-19
9293,5727,UPI,1120,Success,2023-03-26
9294,5197,UPI,5120,Success,2023-01-30
9295,5480,UPI,2618,Success,2024-12-25
9296,5890,Card,9706,Success,2023-02-18
9297,5925,Card,6675,Success,2023-05-25
9298,5123,NetBanking,2217,Success,2023-03-10
9299,5778,UPI,8157,Success,2023-02-27
9300,5348,UPI,9620,Success,2024-11-27
9301,5029,Card,4992,Success,2024-07-27
9302,5975,UPI,7030,Success,2024-04-23
9303,5035,Card,2634,Success,2024-03-20
9304,5623,Card,3068,Success,2023-10-23
9305,5589,UPI,1638,Success,2024-11-08
9306,5904,UPI,3743,Success,2023-06-20
9307,5520,NetBanking,1981,Success,2024-07-28
9308,5122,Card,6543,Success,2023-05-27
9309,5340,Card,2463,Success,2024-04-28
9310,5175,Card,411,Success,2023-11-02
9311,5597,Card,8899,Success,2024-11-03
9312,5451,UPI,6359,Success,2024-10-14
9313,5557,Card,7227,Success,2024-08-31
9314,5009,UPI,531,Success,2024-03-21
9315,5334,UPI,7060,Success,2023-08-09
9316,6017,Card,8244,Success,2024-07-08
9317,5327,UPI,8369,Success,2024-01-13
9318,5015,Card,8942,Success,2024-09-11
9319,5839,Card,5920,Success,2023-09-23
9320,5226,UPI,9333,Success,2023-04-05
9321,5113,UPI,927,Success,2023-09-19
9322,5001,Card,5175,Success,2023-03-12
9323,5266,UPI,3443,Success,2023-08-07
9324,5952,UPI,848,Success,2024-06-16
9325,5306,UPI,5295,Success,2023-04-02
9326,5012,UPI,6814,Success,2023-05-07
9327,5937,Card,7335,Success,2023-03-21
9328,5420,Card,1209,Success,2023-08-26
9329,5889,UPI,1750,Success,2024-01-07
9330,5171,Card,9195,Success,2024-04-30
9331,5134,UPI,7692,Success,2024-11-24
9332,5965,Card,3601,Success,2023-01-25
9333,5658,Card,7647,Success,2023-06-05
9334,5179,Card,5624,Success,2024-05-31
9335,5111,UPI,4441,Success,2024-09-23
9336,5137,UPI,3361,Success,2024-06-13
9337,5232,UPI,4355,Success,2024-12-10
9338,5992,Card,7678,Success,2023-02-26
9339,5468,UPI,8919,Success,2024-08-27
9340,5732,UPI,9415,Success,2023-01-19
9341,5481,UPI,6817,Success,2024-01-19
9342,5814,Card,5860,Success,2023-07-12
9343,5994,UPI,8824,Success,2023-08-25
9344,5323,UPI,1376,Success,2024-01-22
9345,5922,Card,8156,Success,2024-03-01
9346,5904,UPI,8792,Success,2023-10-04
9347,5606,UPI,2433,Success,2023-08-15
9348,5429,Card,4900,Success,2024-07-05
9349,5148,UPI,6106,Success,2023-11-19
9350,5850,NetBanking,8060,Success,2023-06-02
9351,5367,NetBanking,7726,Success,2024-09-30
9352,5850,UPI,5759,Success,2023-08-25
9353,5813,NetBanking,6932,Success,2023-02-24
9354,5175,UPI,2713,Success,2024-03-11
9355,5588,Card,8030,Success,2024-11-14
9356,5495,NetBanking,7144,Success,2023-04-19
9357,5973,NetBanking,8110,Success,2023-07-03
9358,5035,Card,5849,Success,2024-01-03
9359,5999,NetBanking,1296,Success,2023-07-17
9360,5538,NetBanking,9320,Success,2024-01-06
9361,5750,UPI,2151,Success,2024-01-08
9362,5374,UPI,9946,Success,2024-05-11
9363,5557,NetBanking,9386,Success,2024-08-21
9364,5233,UPI,7999,Success,2023-07-20
9365,5705,UPI,9004,Success,2024-05-23
9366,5563,UPI,795,Success,2023-11-18
9367,5939,UPI,8075,Success,2023-10-02
9368,5887,NetBanking,9233,Success,2023-07-30
9369,5726,UPI,4639,Success,2024-05-18
9370,5076,UPI,6172,Success,2023-04-28
9371,5439,UPI,1058,Success,2024-12-03
9372,5699,Card,5719,Success,2024-07-07
9373,5915,Card,7585,Success,2023-02-11
9374,5891,Card,8836,Success,2023-11-11
9375,5692,UPI,4517,Success,2023-11-25
9376,5253,UPI,3654,Success,2023-01-17
9377,5410,NetBanking,1230,Success,2023-10-10
9378,5127,Card,9687,Success,2023-09-15
9379,5592,Card,8106,Success,2024-07-28
9380,5294,UPI,1647,Success,2024-07-27
9381,6020,Card,3050,Success,2024-09-03
9382,5310,UPI,8306,Success,2023-01-19
9383,5662,Card,7351,Success,2024-06-12
9384,5528,Card,9703,Success,2024-02-27
9385,5540,Card,7152,Success,2024-04-10
9386,5419,NetBanking,4255,Success,2024-01-08
9387,5444,UPI,5602,Success,2023-03-22
9388,5685,UPI,9481,Success,2024-07-04
9389,5840,Card,1872,Success,2024-07-01
9390,5236,UPI,4732,Success,2024-02-28
9391,5214,Card,5124,Success,2024-03-04
9392,5085,Card,6285,Success,2024-01-23
9393,5794,UPI,7934,Success,2024-12-09
9394,5085,Card,5064,Success,2024-10-31
9395,5065,Card,9516,Success,2023-07-23
9396,5663,UPI,1421,Success,2023-07-15
9397,5627,UPI,3060,Success,2024-12-28
9398,5064,Card,8628,Success,2023-10-12
9399,5939,UPI,9536,Success,2023-07-15
9400,5919,Card,3453,Success,2023-11-03
9401,5491,Card,3982,Success,2024-10-25
9402,5313,UPI,7157,Success,2023-01-14
9403,5615,NetBanking,966,Success,2023-05-26
9404,5919,Card,2881,Success,2023-02-26
9405,5813,UPI,7910,Success,2024-12-23
9406,5940,UPI,7682,Success,2023-07-29
9407,5680,NetBanking,5286,Success,2024-06-12
9408,5435,UPI,8164,Success,2023-12-10
9409,5682,NetBanking,2865,Success,2024-12-15
9410,5340,NetBanking,3713,Success,2024-09-02
9411,5347,Card,695,Success,2023-10-06
9412,5646,NetBanking,6022,Success,2023-07-28
9413,5649,UPI,2272,Success,2024-10-02
9414,5245,UPI,7995,Success,2023-12-01
9415,5109,Card,8729,Success,2023-10-15
9416,5533,Card,4149,Success,2023-09-09
9417,5296,UPI,6233,Success,2023-09-22
9418,5112,NetBanking,8528,Success,2023-09-28
9419,5343,Card,2755,Success,2024-11-30
9420,5101,UPI,6570,Success,2024-02-23
9421,5629,Card,4615,Success,2024-12-26
9422,5028,UPI,6159,Success,2023-07-30
9423,5937,UPI,9307,Success,2023-12-31
9424,5058,UPI,6193,Success,2023-03-17
9425,5297,Card,5221,Success,2024-10-21
9426,5134,UPI,3107,Success,2023-11-17
9427,5249,NetBanking,3114,Success,2024-12-25
9428,6021,Card,4070,Success,2024-03-08
9429,5550,Card,9390,Success,2023-04-19
9430,5902,UPI,5285,Success,2024-10-02
9431,5834,Card,6746,Success,2024-06-05
9432,5771,Card,595,Success,2023-02-16
9433,5146,NetBanking,1138,Success,2024-01-14
9434,5893,UPI,2710,Success,2023-04-06
9435,5344,UPI,4836,Success,2023-04-13
9436,5702,NetBanking,1849,Success,2023-05-26
9437,5001,UPI,3890,Success,2023-01-27
9438,5153,UPI,3635,Success,2024-06-13
9439,5429,UPI,3401,Success,2024-11-09
9440,5508,UPI,4379,Success,2023-03-23
9441,5491,UPI,8605,Success,2024-03-03
9442,5345,Card,3437,Success,2024-08-06
9443,5221,UPI,4062,Success,2024-04-23
9444,5723,UPI,258,Success,2023-06-11
9445,5528,NetBanking,5138,Success,2024-02-06
9446,5841,Card,3171,Success,2024-05-22
9447,5481,UPI,9919,Success,2023-02-07
9448,5930,NetBanking,8514,Success,2024-05-25
9449,5872,UPI,9828,Success,2024-01-28
9450,5345,NetBanking,9554,Success,2024-12-13
9451,5045,UPI,3545,Success,2024-05-08
9452,5021,Card,2686,Success,2023-07-19
9453,5873,UPI,761,Success,2023-09-12
9454,5048,Card,4181,Success,2023-06-28
9455,5551,UPI,6461,Success,2024-06-30
9456,5287,NetBanking,1937,Success,2024-08-16
9457,6002,UPI,9296,Success,2024-01-24
9458,5542,Card,3754,Success,2024-02-02
9459,5756,Card,9326,Success,2023-06-07
9460,5274,NetBanking,7295,Success,2023-01-04
9461,5956,NetBanking,8466,Success,2023-06-16
9462,5600,UPI,494,Success,2024-04-12
9463,5381,NetBanking,8412,Success,2024-02-13
9464,5479,Card,9430,Success,2024-02-16
9465,5015,UPI,5530,Success,2023-07-23
9466,5516,UPI,4855,Success,2023-07-13
9467,5191,Card,1309,Success,2023-08-23
9468,5621,Card,3971,Success,2024-12-18
9469,5154,UPI,8763,Success,2023-05-30
9470,5272,NetBanking,6323,Success,2023-06-08
9471,5143,Card,7847,Success,2023-10-06
9472,5247,UPI,1374,Success,2024-02-08
9473,5788,UPI,1364,Success,2024-11-08
9474,5079,Card,9484,Success,2023-11-07
9475,5623,UPI,9675,Success,2023-03-09
9476,5525,Card,9237,Success,2024-04-07
9477,5772,UPI,8912,Success,2023-03-29
9478,5938,NetBanking,4666,Success,2023-08-05
9479,5617,Card,5738,Success,2023-01-01
9480,5067,Card,7311,Success,2023-05-15
9481,5191,Card,8634,Success,2024-11-27
9482,5768,UPI,3000,Success,2023-12-17
9483,5521,UPI,4807,Success,2023-05-20
9484,5990,UPI,7462,Success,2024-09-09
9485,5267,Card,1741,Success,2023-05-13
9486,5485,UPI,2965,Success,2024-09-11
9487,5376,UPI,4691,Success,2023-06-27
9488,5653,Card,3283,Success,2023-12-24
9489,5549,Card,5556,Success,2024-01-15
9490,5073,NetBanking,2057,Success,2024-10-19
9491,5308,UPI,969,Success,2024-03-25
9492,5199,NetBanking,1622,Success,2024-08-08
9493,5572,UPI,8798,Success,2024-04-07
9494,5791,Card,3172,Success,2023-04-18
9495,5179,UPI,2072,Success,2023-05-02
9496,5197,Card,5799,Success,2023-01-17
9497,5735,Card,2469,Success,2023-07-15
9498,5089,Card,5475,Success,2023-11-23
9499,5799,NetBanking,4949,Success,2023-11-14
9500,5788,Card,6771,Success,2024-04-23
9501,5748,Card,9573,Success,2023-09-09
9502,5209,UPI,5272,Success,2024-05-17
9503,5493,Card,9831,Success,2023-04-29
9504,5665,Card,5663,Success,2024-11-04
9505,5871,Card,7650,Success,2024-12-10
9506,5732,Card,8620,Success,2024-05-12
9507,5698,UPI,4159,Success,2024-04-30
9508,5594,Card,1513,Success,2023-02-14
9509,5886,Card,8047,Success,2023-11-10
9510,5852,UPI,1270,Success,2023-06-28
9511,5325,Card,9366,Success,2024-02-22
9512,5979,Card,3485,Success,2024-07-09
9513,5956,UPI,9149,Success,2023-03-19
9514,5894,Card,3295,Success,2023-11-22
9515,5144,UPI,520,Success,2024-11-20
9516,5384,UPI,2521,Success,2023-12-23
9517,5216,UPI,755,Success,2024-02-20
9518,5324,Card,5139,Success,2024-05-29
9519,5217,UPI,5632,Success,2023-08-02
9520,5951,UPI,1586,Success,2023-03-15
9521,5183,UPI,4963,Success,2024-07-16
9522,5270,UPI,7054,Success,2024-08-01
9523,5945,NetBanking,7837,Success,2024-05-23
9524,5870,Card,5041,Success,2023-11-28
9525,5467,Card,4067,Success,2023-04-03
9526,5305,Card,3993,Success,2024-11-18
9527,5111,Card,7573,Success,2024-10-18
9528,6014,Card,2713,Success,2024-06-02
9529,5232,Card,4003,Success,2023-09-26
9530,5595,UPI,2527,Success,2024-01-11
9531,5173,UPI,9009,Success,2023-01-04
9532,5973,NetBanking,2365,Success,2023-05-18
9533,5546,UPI,3508,Success,2023-08-19
9534,5548,UPI,6652,Success,2024-08-22
9535,5518,UPI,8267,Success,2024-06-12
9536,5914,Card,7842,Success,2023-02-21
9537,5215,NetBanking,6604,Success,2024-10-07
9538,5134,Card,1192,Success,2024-12-23
9539,5285,Card,5624,Success,2023-11-21
9540,5686,Card,9769,Success,2024-12-17
9541,5331,Card,4581,Success,2024-12-23
9542,5894,UPI,3374,Success,2023-10-04
9543,5899,Card,4982,Success,2024-06-19
9544,5078,NetBanking,9697,Success,2024-04-30
9545,5947,UPI,5760,Success,2024-05-30
9546,5688,UPI,7660,Success,2023-06-01
9547,5021,UPI,3278,Success,2024-04-27
9548,5566,UPI,3183,Success,2023-09-16
9549,5827,UPI,7459,Success,2023-11-20
9550,5179,Card,6254,Success,2023-06-17
9551,5905,Card,2723,Success,2024-11-18
9552,5669,Card,9877,Success,2023-11-06
9553,5191,UPI,4781,Success,2024-04-23
9554,5708,UPI,5809,Success,2023-02-25
9555,5379,UPI,2201,Success,2024-09-11
9556,5387,Card,1587,Success,2024-04-17
9557,5237,NetBanking,6752,Success,2023-10-23
9558,5616,UPI,1230,Success,2024-04-05
9559,5283,NetBanking,1420,Success,2023-11-20
9560,5001,Card,6235,Success,2023-05-21
9561,5464,Card,9655,Success,2024-10-28
9562,5967,UPI,6723,Success,2023-09-19
9563,5172,UPI,8274,Success,2024-02-24
9564,5843,UPI,9263,Success,2023-08-29
9565,5690,UPI,1034,Success,2023-12-21
9566,5575,Card,9310,Success,2024-08-11
9567,5165,Card,1924,Success,2023-06-29
9568,5383,UPI,6798,Success,2023-03-07
9569,5209,Card,2613,Success,2023-12-14
9570,5224,UPI,9705,Success,2023-06-20
9571,5003,UPI,6193,Success,2024-04-18
9572,5372,UPI,4698,Success,2024-06-17
9573,5611,NetBanking,2305,Success,2024-01-02
9574,5116,Card,2768,Success,2023-04-17
9575,5447,UPI,9530,Success,2024-03-14
9576,5415,UPI,409,Success,2023-08-15
9577,5892,UPI,9456,Success,2024-03-19
9578,5663,UPI,5111,Success,2024-03-17
9579,5718,Card,2420,Success,2024-01-31
9580,5271,UPI,433,Success,2024-12-28
9581,5562,UPI,992,Success,2024-08-03
9582,5804,UPI,3310,Success,2023-03-25
9583,5247,UPI,2366,Success,2024-09-06
9584,5387,Card,8726,Success,2024-07-04
9585,5702,Card,9751,Success,2023-01-13
9586,5559,Card,5393,Success,2024-11-23
9587,5973,Card,1414,Success,2024-05-07
9588,5984,UPI,4619,Success,2023-09-25
9589,5352,Card,7514,Success,2024-06-08
9590,5753,Card,8675,Success,2023-04-30
9591,5781,Card,412,Success,2023-12-19
9592,6025,UPI,1858,Success,2023-02-26
9593,5546,Card,5224,Success,2023-02-09
9594,5079,Card,9809,Success,2023-12-02
9595,5334,Card,6117,Success,2024-10-01
9596,5889,UPI,5341,Success,2023-06-22
9597,5502,UPI,1994,Success,2024-06-30
9598,5765,UPI,6188,Success,2023-09-16
9599,5921,Card,8496,Success,2024-05-31
9600,5550,UPI,5778,Success,2024-12-30
9601,5014,NetBanking,5751,Success,2024-06-06
9602,5392,UPI,4045,Success,2023-04-27
9603,5310,UPI,7106,Success,2023-07-03
9604,5386,UPI,578,Success,2023-04-26
9605,5974,Card,3493,Success,2023-06-11
9606,5340,NetBanking,3529,Success,2024-08-01
9607,5597,Card,5008,Success,2024-12-12
9608,5757,Card,8137,Success,2024-06-26
9609,5291,NetBanking,424,Success,2024-08-09
9610,5306,NetBanking,937,Success,2023-08-25
9611,5634,UPI,435,Success,2023-03-07
9612,5625,UPI,911,Success,2023-03-11
9613,5939,Card,6188,Success,2024-03-22
9614,5848,Card,2088,Success,2024-02-20
9615,5442,Card,7373,Success,2024-06-15
9616,5503,NetBanking,1459,Success,2024-03-16
9617,5130,UPI,5446,Success,2024-04-08
9618,5597,UPI,7471,Success,2024-01-31
9619,5862,UPI,948,Success,2024-12-11
9620,5593,UPI,3751,Success,2024-07-04
9621,5999,Card,6600,Success,2024-10-18
9622,5325,UPI,6843,Success,2024-07-10
9623,5448,UPI,8901,Success,2024-01-30
9624,5819,UPI,2023,Success,2023-11-22
9625,5709,Card,7052,Success,2023-04-01
9626,5265,UPI,7977,Success,2023-03-11
9627,5612,Card,4432,Success,2023-06-15
9628,5832,Card,6719,Success,2024-10-03
9629,5674,Card,1977,Success,2023-08-02
9630,5157,UPI,1422,Success,2024-08-23
9631,5251,UPI,7830,Success,2023-12-01
9632,5878,UPI,1977,Success,2024-01-04
9633,5530,UPI,9696,Success,2024-08-06
9634,5327,UPI,7690,Success,2024-11-07
9635,5961,NetBanking,5059,Success,2023-02-18
9636,5895,NetBanking,9093,Success,2023-02-21
9637,5097,UPI,8318,Success,2023-10-16
9638,5513,NetBanking,3189,Success,2024-09-17
9639,5216,UPI,8543,Success,2023-08-27
9640,5125,Card,1525,Success,2023-05-13
9641,5059,Card,9693,Success,2023-06-15
9642,5161,Card,5327,Success,2024-01-09
9643,5284,Card,9198,Success,2024-01-08
9644,5106,UPI,2922,Success,2024-04-22
9645,5228,UPI,4856,Success,2024-04-23
9646,5318,Card,1525,Success,2024-10-11
9647,5802,Card,4333,Success,2024-08-13
9648,5874,UPI,9551,Success,2024-11-12
9649,5472,UPI,3069,Success,2024-09-26
9650,5625,NetBanking,1442,Success,2024-11-18
9651,5013,Card,8739,Success,2023-10-27
9652,5694,UPI,2031,Success,2023-03-23
9653,5973,NetBanking,1769,Success,2023-03-28
9654,5113,UPI,7446,Success,2023-08-13
9655,5229,Card,2118,Success,2023-01-16
9656,5171,Card,6616,Success,2023-12-24
9657,5295,Card,3432,Success,2023-06-12
9658,5189,UPI,3958,Success,2024-09-01
9659,5426,NetBanking,6197,Success,2024-10-29
9660,5977,Card,2555,Success,2024-05-28
9661,5658,Card,9789,Success,2023-12-16
9662,5919,UPI,2024,Success,2024-11-11
9663,5499,UPI,7480,Success,2024-04-08
9664,5762,NetBanking,4260,Success,2024-01-10
9665,5866,Card,5524,Success,2023-04-02
9666,5826,NetBanking,604,Success,2023-06-30
9667,5071,UPI,1921,Success,2023-10-28
9668,5248,Card,5516,Success,2024-10-21
9669,5146,Card,4045,Success,2023-07-08
9670,5582,Card,4410,Success,2023-11-10
9671,5470,UPI,264,Success,2024-05-07
9672,5193,UPI,9691,Success,2023-05-08
9673,5494,Card,6582,Success,2024-06-02
9674,5052,Card,9807,Success,2024-03-01
9675,5882,Card,1168,Success,2024-07-12
9676,5363,Card,568,Success,2024-07-18
9677,5917,Card,8624,Success,2023-07-06
9678,5474,UPI,2442,Success,2024-07-03
9679,5521,UPI,5202,Success,2024-03-28
9680,5691,Card,3283,Success,2024-04-15
9681,5532,Card,8273,Success,2024-07-18
9682,5840,Card,9312,Success,2023-08-12
9683,5241,UPI,9080,Success,2023-06-03
9684,5536,Card,1669,Success,2024-07-13
9685,5083,UPI,4925,Success,2023-12-17
9686,5982,UPI,4459,Success,2023-05-27
9687,5951,UPI,3822,Success,2024-07-29
9688,5611,NetBanking,1023,Success,2023-12-15
9689,5574,Card,3631,Success,2023-07-01
9690,5286,UPI,6728,Success,2024-09-28
9691,5989,UPI,4351,Success,2023-06-28
9692,5459,UPI,4413,Success,2023-02-08
9693,5126,NetBanking,7620,Success,2023-01-03
9694,5425,UPI,9189,Success,2023-03-05
9695,5554,Card,979,Success,2023-01-29
9696,5610,Card,3092,Success,2024-01-07
9697,5112,Card,5734,Success,2024-06-06
9698,5402,Card,3506,Success,2023-04-07
9699,5122,Card,3102,Success,2024-03-17
9700,5273,UPI,3918,Success,2023-07-22
9701,5398,UPI,221,Success,2024-02-15
9702,5471,Card,1700,Success,2023-01-21
9703,5985,Card,9234,Success,2024-07-04
9704,5569,UPI,3841,Success,2023-04-12
9705,5897,Card,5412,Success,2023-02-15
9706,5820,UPI,391,Success,2023-03-07
9707,5853,Card,8787,Success,2024-08-25
9708,5710,UPI,7374,Success,2023-06-13
9709,5321,UPI,5314,Success,2023-04-21
9710,5179,Card,4862,Success,2023-12-04
9711,5897,NetBanking,4526,Success,2023-05-03
9712,5219,Card,9265,Success,2024-12-05
9713,5789,UPI,4535,Success,2024-03-22
9714,5492,UPI,8481,Success,2024-09-02
9715,5061,NetBanking,8848,Success,2023-10-18
9716,5538,Card,9396,Success,2024-11-01
9717,5848,UPI,5694,Success,2024-02-16
9718,5988,UPI,8736,Success,2024-09-06
9719,5065,NetBanking,2911,Success,2023-10-08
9720,5586,Card,7795,Success,2023-02-12
9721,5171,Card,6473,Success,2024-04-30
9722,5535,Card,6484,Success,2024-08-18
9723,5693,NetBanking,9508,Success,2024-12-03
9724,5108,UPI,9017,Success,2023-02-20
9725,5814,Card,4194,Success,2023-07-29
9726,6005,NetBanking,1878,Success,2023-05-06
9727,5452,NetBanking,8614,Success,2024-05-06
9728,5590,UPI,943,Success,2024-05-23
9729,5327,Card,662,Success,2024-08-03
9730,5608,Card,1768,Success,2023-09-15
9731,5659,Card,1936,Success,2023-07-07
9732,5002,UPI,8103,Success,2023-08-18
9733,5434,NetBanking,7202,Success,2023-07-08
9734,5125,Card,9056,Success,2024-02-19
9735,5485,Card,1556,Success,2023-01-10
9736,5652,UPI,1214,Success,2023-04-24
9737,5800,NetBanking,1254,Success,2023-03-17
9738,5873,Card,1964,Success,2024-11-06
9739,5129,NetBanking,6209,Success,2024-05-16
9740,5438,UPI,4658,Success,2023-03-26
9741,5751,UPI,9804,Success,2023-02-18
9742,5501,UPI,867,Success,2024-05-09
9743,5211,Card,3570,Success,2024-11-19
9744,5902,UPI,6176,Success,2024-01-22
9745,5045,Card,1594,Success,2024-01-24
9746,5535,UPI,8490,Success,2023-08-06
9747,5461,UPI,4270,Success,2024-12-01
9748,5391,UPI,7182,Success,2023-12-12
9749,5027,UPI,8813,Success,2023-08-18
9750,5794,NetBanking,5799,Success,2023-09-12
9751,5975,UPI,3850,Success,2023-08-24
9752,5548,UPI,9524,Success,2023-01-26
9753,5621,Card,3820,Success,2024-08-06
9754,5567,Card,3390,Success,2023-09-18
9755,5704,Card,8989,Success,2023-09-28
9756,5185,NetBanking,591,Success,2023-05-03
9757,5848,UPI,1275,Success,2024-10-17
9758,5599,UPI,2850,Success,2023-09-14
9759,5806,UPI,2584,Success,2024-10-17
9760,5079,UPI,1009,Success,2024-02-25
9761,5579,UPI,8247,Success,2023-09-16
9762,5413,UPI,5701,Success,2023-02-16
9763,5546,UPI,7095,Success,2024-06-08
9764,5169,Card,1359,Success,2023-07-27
9765,5681,UPI,7774,Success,2023-11-07
9766,5583,Card,1731,Success,2023-05-29
9767,5515,UPI,5681,Success,2024-03-13
9768,5032,UPI,7748,Success,2023-06-04
9769,5287,UPI,5176,Success,2024-11-08
9770,5594,NetBanking,5895,Success,2023-03-31
9771,5617,UPI,8645,Success,2024-11-28
9772,6025,Card,3748,Success,2023-12-24
9773,5270,Card,6363,Success,2023-06-23
9774,5518,Card,6871,Success,2023-08-05
9775,5583,Card,5464,Success,2024-03-31
9776,5226,NetBanking,1431,Success,2024-08-31
9777,5670,UPI,2623,Success,2024-09-20
9778,5917,UPI,8271,Success,2023-07-18
9779,5126,UPI,4461,Success,2024-04-30
9780,5956,UPI,9965,Success,2024-06-16
9781,5074,Card,3108,Success,2023-07-19
9782,5056,Card,4912,Success,2024-01-06
9783,5720,Card,6955,Success,2024-03-23
9784,5553,Card,4083,Success,2023-09-05
9785,5032,UPI,3715,Success,2023-09-21
9786,5574,NetBanking,3603,Success,2023-02-27
9787,5667,UPI,4798,Success,2023-10-29
9788,5284,NetBanking,5208,Success,2023-01-31
9789,5187,UPI,6422,Success,2024-05-12
9790,5498,UPI,4209,Success,2023-09-06
9791,5130,NetBanking,2935,Success,2024-08-27
9792,5639,UPI,4691,Success,2023-09-28
9793,5114,UPI,8793,Success,2024-08-28
9794,5013,Card,1174,Success,2024-10-27
9795,5444,UPI,423,Success,2024-01-29
9796,5447,UPI,4813,Success,2024-05-16
9797,5986,UPI,6977,Success,2024-08-14
9798,5993,UPI,8627,Success,2023-03-25
9799,5715,NetBanking,4411,Success,2023-12-31
9800,5074,Card,425,Success,2024-07-02
9801,5537,NetBanking,8383,Success,2023-12-08
9802,5101,UPI,4477,Success,2024-02-11
9803,5176,Card,1541,Success,2024-02-29
9804,5427,Card,4236,Success,2023-04-03
9805,5041,Card,8601,Success,2024-09-05
9806,5429,Card,3927,Success,2024-02-16
9807,5344,UPI,4128,Success,2024-03-07
9808,5366,Card,3003,Success,2024-11-08
9809,5609,UPI,9501,Success,2023-06-08
9810,5657,UPI,6758,Success,2023-01-14
9811,5728,UPI,593,Success,2024-01-08
9812,5229,UPI,7039,Success,2023-08-13
9813,5825,Card,9235,Success,2024-05-19
9814,5889,UPI,9916,Success,2023-03-14
9815,5984,UPI,8995,Success,2023-09-06
9816,5836,NetBanking,781,Success,2024-05-25
9817,5117,Card,332,Success,2024-08-25
9818,5818,UPI,3038,Success,2023-08-04
9819,5368,Card,3585,Success,2024-08-24
9820,5168,Card,3970,Success,2024-06-24
9821,5954,UPI,2468,Success,2023-08-08
9822,5661,UPI,1175,Success,2024-12-27
9823,5695,Card,7805,Success,2023-08-09
9824,5925,UPI,7413,Success,2024-01-24
9825,5152,Card,9935,Success,2024-07-07
9826,5586,Card,3035,Success,2024-10-08
9827,5913,NetBanking,2938,Success,2023-02-11
9828,5274,UPI,9749,Success,2024-11-06
9829,5496,UPI,4334,Success,2023-10-10
9830,5101,UPI,9708,Success,2023-02-27
9831,5557,Card,7033,Success,2024-06-20
9832,5073,Card,8553,Success,2023-03-14
9833,5157,Card,2109,Success,2023-05-09
9834,5735,NetBanking,9519,Success,2024-08-21
9835,5132,UPI,2163,Success,2024-03-01
9836,6019,UPI,5353,Success,2024-10-26
9837,5559,Card,1166,Success,2024-11-24
9838,5107,NetBanking,1089,Success,2023-05-05
9839,5265,UPI,3261,Success,2023-03-08
9840,5155,UPI,6661,Success,2023-01-06
9841,5988,Card,6366,Success,2024-09-28
9842,5997,NetBanking,7167,Success,2023-11-10
9843,5247,Card,8301,Success,2023-11-22
9844,5531,Card,7579,Success,2024-07-18
9845,5858,Card,9833,Success,2024-07-31
9846,5538,Card,7480,Success,2024-05-20
9847,5729,Card,1267,Success,2023-03-23
9848,5154,Card,4423,Success,2024-08-21
9849,5092,UPI,9218,Success,2023-01-02
9850,5338,Card,4807,Success,2023-07-23
9851,5450,Card,4185,Success,2024-10-23
9852,5810,UPI,3379,Success,2024-02-08
9853,5787,UPI,4738,Success,2023-04-13
9854,5273,Card,2562,Success,2024-06-19
9855,5588,Card,2424,Success,2024-01-03
9856,5177,UPI,6571,Success,2023-07-31
9857,5831,UPI,1926,Success,2024-07-30
9858,5643,Card,5991,Success,2023-07-28
9859,5567,UPI,8273,Success,2023-04-27
9860,5666,Card,8658,Success,2024-09-19
9861,5868,UPI,7213,Success,2024-04-22
9862,5302,Card,1037,Success,2023-04-15
9863,5868,Card,4784,Success,2024-05-09
9864,5912,UPI,886,Success,2023-02-15
9865,5408,Card,556,Success,2023-11-27
9866,5822,NetBanking,9263,Success,2023-08-04
9867,5561,Card,4847,Success,2024-05-06
9868,5464,Card,4618,Success,2024-03-24
9869,5144,Card,6842,Success,2024-06-19
9870,5442,NetBanking,3591,Success,2024-05-25
9871,5487,NetBanking,4557,Success,2024-04-02
9872,5860,UPI,5079,Success,2024-06-30
9873,5148,UPI,5519,Success,2024-06-19
9874,5811,Card,2939,Success,2024-06-23
9875,5666,Card,9710,Success,2024-04-28
9876,5090,UPI,9927,Success,2023-01-16
9877,5199,Card,4984,Success,2024-07-24
9878,5538,UPI,1077,Success,2023-08-31
9879,5301,UPI,3070,Success,2023-07-26
9880,5724,UPI,492,Success,2023-09-28
9881,5963,NetBanking,8928,Success,2024-12-05
9882,5068,UPI,2886,Success,2024-12-30
9883,5459,Card,433,Success,2023-04-25
9884,5398,NetBanking,2574,Success,2024-08-02
9885,5620,UPI,2472,Success,2023-10-26
9886,5730,Card,1166,Success,2024-04-27
9887,5556,Card,1089,Success,2024-02-01
9888,5781,Card,4063,Success,2024-01-29
9889,5894,UPI,6354,Success,2023-03-16
9890,5610,Card,3600,Success,2024-04-26
9891,5748,NetBanking,8426,Success,2023-04-13
9892,5282,Card,4742,Success,2023-10-24
9893,5661,UPI,3723,Success,2023-06-27
9894,5924,NetBanking,1963,Success,2023-08-03
9895,5996,UPI,3491,Success,2023-11-11
9896,5746,Card,2688,Success,2023-02-08
9897,5087,NetBanking,1758,Success,2023-09-16
9898,5791,Card,4890,Success,2024-12-16
9899,5304,Card,6321,Success,2023-01-07
9900,5130,Card,2476,Success,2023-02-18
9901,5596,UPI,4639,Success,2024-06-21
9902,5558,NetBanking,1303,Success,2023-06-10
9903,5899,Card,7720,Success,2023-06-25
9904,5078,NetBanking,9811,Success,2024-08-13
9905,5784,UPI,5609,Success,2023-01-02
9906,5674,UPI,9870,Success,2024-03-30
9907,5238,Card,8069,Success,2024-10-05
9908,5278,NetBanking,3156,Success,2023-10-03
9909,5524,Card,7910,Success,2024-05-12
9910,5180,UPI,6217,Success,2024-09-20
9911,5123,Card,9774,Success,2024-11-06
9912,5480,Card,3584,Success,2023-01-28
9913,5084,UPI,9961,Success,2023-11-29
9914,5565,NetBanking,228,Success,2023-01-01
9915,5619,UPI,9097,Success,2023-07-07
9916,5357,Card,9412,Success,2023-02-25
9917,5816,UPI,9838,Success,2024-06-30
9918,5647,UPI,7956,Success,2023-04-22
9919,5443,Card,7148,Success,2023-11-06
9920,5523,Card,5955,Success,2023-02-05
9921,5143,Card,3802,Success,2024-03-14
9922,5192,UPI,5262,Success,2024-12-29
9923,5378,UPI,8271,Success,2024-08-14
9924,5581,Card,7444,Success,2024-08-17
9925,5535,NetBanking,6572,Success,2024-07-30
9926,5093,UPI,7305,Success,2023-11-21
9927,5529,NetBanking,3781,Success,2024-10-01
9928,5405,NetBanking,2962,Success,2023-11-03
9929,5840,Card,772,Success,2024-06-17
9930,5889,NetBanking,7905,Success,2024-12-28
9931,5422,UPI,814,Success,2024-09-10
9932,5472,UPI,4250,Success,2023-04-19
9933,5893,UPI,525,Success,2024-01-07
9934,5547,UPI,3940,Success,2023-12-23
9935,5631,UPI,558,Success,2023-06-30
9936,5778,UPI,3977,Success,2023-12-22
9937,5364,NetBanking,6106,Success,2024-11-06
9938,5119,Card,1921,Success,2023-03-09
9939,5546,Card,1549,Success,2023-10-19
9940,5522,UPI,3896,Success,2024-11-22
9941,5634,NetBanking,4096,Success,2023-06-30
9942,5963,UPI,4460,Success,2024-04-10
9943,5958,NetBanking,9988,Success,2024-03-09
9944,5883,Card,7141,Success,2024-04-08
9945,5780,Card,4008,Success,2024-11-11
9946,5871,Card,5446,Success,2024-06-17
9947,5516,NetBanking,8584,Success,2023-03-07
9948,5938,UPI,4045,Success,2023-01-21
9949,5866,UPI,2777,Success,2024-09-03
9950,5106,Card,291,Success,2024-01-19
9951,5214,Card,4434,Success,2024-09-06
9952,5850,UPI,8872,Success,2024-07-12
9953,5197,NetBanking,6792,Success,2023-02-08
9954,5019,NetBanking,8328,Success,2023-10-12
9955,5642,Card,1275,Success,2024-08-24
9956,5330,UPI,2713,Success,2024-08-19
9957,5866,Card,8368,Success,2023-12-02
9958,5774,Card,7061,Success,2023-07-07
9959,5392,NetBanking,9190,Success,2024-11-01
9960,5637,UPI,804,Success,2023-08-31
9961,5307,NetBanking,3179,Success,2023-03-14
9962,5895,Card,7340,Success,2024-04-23
9963,5652,UPI,7265,Success,2024-07-14
9964,5841,NetBanking,5116,Success,2023-04-11
9965,6026,UPI,7000,Success,2024-05-28
9966,5520,NetBanking,797,Success,2023-06-25
9967,5636,UPI,9924,Success,2023-08-26
9968,5740,Card,7520,Success,2023-02-28
9969,5469,UPI,8905,Success,2023-04-09
9970,5212,UPI,5822,Success,2024-05-09
9971,5804,Card,2077,Success,2024-05-28
9972,5477,Card,1899,Success,2023-10-24
9973,5874,Card,9421,Success,2023-07-30
9974,5460,UPI,5980,Success,2023-05-03
9975,5253,Card,916,Success,2023-08-17
9976,5752,Card,4286,Success,2024-08-16
9977,5981,Card,865,Success,2024-10-17
9978,5854,Card,8046,Success,2024-01-23
9979,5236,NetBanking,6811,Success,2023-05-20
9980,5478,NetBanking,1279,Success,2024-06-24
9981,5679,Card,8619,Success,2024-01-26
9982,5216,Card,8540,Success,2023-09-27
9983,5855,UPI,1269,Success,2023-01-12
9984,5135,Card,5463,Success,2024-01-24
9985,5905,UPI,8151,Success,2023-12-03
9986,5410,UPI,1563,Success,2024-05-20
9987,5086,UPI,4708,Success,2023-04-16
9988,5556,Card,1955,Success,2023-02-01
9989,5378,Card,719,Success,2023-03-15
9990,5242,Card,5663,Success,2023-06-20
9991,5920,Card,7433,Success,2023-03-10
9992,5266,UPI,1302,Success,2023-12-28
9993,5712,Card,797,Success,2024-10-10
9994,5070,UPI,3473,Success,2024-03-08
9995,5057,Card,5981,Success,2023-04-10
9996,5039,NetBanking,6456,Success,2024-10-19
9997,5801,UPI,7458,Success,2023-01-09
9998,5732,NetBanking,8980,Success,2024-07-27
9999,5825,Card,6754,Success,2024-11-27
10000,5756,Card,9799,Success,2023-01-29
10001,5352,UPI,8202,Success,2023-04-24
10002,5283,Card,5046,Success,2024-04-06
10003,5110,UPI,9386,Success,2023-05-23
10004,6017,UPI,4998,Success,2024-01-25
10005,5544,Card,6805,Success,2024-09-23
10006,5025,UPI,3186,Success,2024-11-12
10007,5843,UPI,600,Success,2023-06-06
10008,5791,Card,3055,Success,2023-12-01
10009,5738,UPI,3612,Success,2023-09-17
10010,5057,Card,256,Success,2023-03-23
10011,5180,NetBanking,8222,Success,2024-03-16
10012,5232,UPI,2075,Success,2023-06-21
10013,5343,Card,4743,Success,2023-08-19
10014,5477,NetBanking,4498,Success,2024-12-20
10015,5576,Card,3968,Success,2023-03-16
